This is XeTeX, Version 3.141592653-2.6-0.999997 (TeX Live 2025) (preloaded format=xelatex 2025.10.23)  25 SEP 2026 21:57
entering extended mode
 restricted \write18 enabled.
 %&-line parsing enabled.
**main.tex
(./main.tex
LaTeX2e <2025-06-01> patch level 1
L3 programming layer <2025-09-02>
(c:/texlive/2025/texmf-dist/tex/latex/base/report.cls
Document Class: report 2025/01/22 v1.4n Standard LaTeX document class
(c:/texlive/2025/texmf-dist/tex/latex/base/size10.clo
File: size10.clo 2025/01/22 v1.4n Standard LaTeX file (size option)
)
\c@part=\count271
\c@chapter=\count272
\c@section=\count273
\c@subsection=\count274
\c@subsubsection=\count275
\c@paragraph=\count276
\c@subparagraph=\count277
\c@figure=\count278
\c@table=\count279
\abovecaptionskip=\skip49
\belowcaptionskip=\skip50
\bibindent=\dimen148
) (./preamble.tex
(c:/texlive/2025/texmf-dist/tex/latex/geometry/geometry.sty
Package: geometry 2020/01/02 v5.9 Page Geometry

(c:/texlive/2025/texmf-dist/tex/latex/graphics/keyval.sty
Package: keyval 2022/05/29 v1.15 key=value parser (DPC)
\KV@toks@=\toks17
)
(c:/texlive/2025/texmf-dist/tex/generic/iftex/ifvtex.sty
Package: ifvtex 2019/10/25 v1.7 ifvtex legacy package. Use iftex instead.

(c:/texlive/2025/texmf-dist/tex/generic/iftex/iftex.sty
Package: iftex 2024/12/12 v1.0g TeX engine tests
))
\Gm@cnth=\count280
\Gm@cntv=\count281
\c@Gm@tempcnt=\count282
\Gm@bindingoffset=\dimen149
\Gm@wd@mp=\dimen150
\Gm@odd@mp=\dimen151
\Gm@even@mp=\dimen152
\Gm@layoutwidth=\dimen153
\Gm@layoutheight=\dimen154
\Gm@layouthoffset=\dimen155
\Gm@layoutvoffset=\dimen156
\Gm@dimlist=\toks18
)
(c:/texlive/2025/texmf-dist/tex/latex/fontspec/fontspec.sty
(c:/texlive/2025/texmf-dist/tex/latex/l3packages/xparse/xparse.sty
(c:/texlive/2025/texmf-dist/tex/latex/l3kernel/expl3.sty
Package: expl3 2025-09-02 L3 programming layer (loader) 

(c:/texlive/2025/texmf-dist/tex/latex/l3backend/l3backend-xetex.def
File: l3backend-xetex.def 2025-06-09 L3 backend support: XeTeX
\g__graphics_track_int=\count283
\g__pdfannot_backend_int=\count284
\g__pdfannot_backend_link_int=\count285
))
Package: xparse 2024-08-16 L3 Experimental document command parser
)
Package: fontspec 2025/09/29 v2.9g Font selection for XeLaTeX and LuaLaTeX

(c:/texlive/2025/texmf-dist/tex/latex/fontspec/fontspec-xetex.sty
Package: fontspec-xetex 2025/09/29 v2.9g Font selection for XeLaTeX and LuaLaTe
X
\l__fontspec_script_int=\count286
\l__fontspec_language_int=\count287
\l__fontspec_strnum_int=\count288
\l__fontspec_tmp_int=\count289
\l__fontspec_tmpa_int=\count290
\l__fontspec_tmpb_int=\count291
\l__fontspec_tmpc_int=\count292
\l__fontspec_em_int=\count293
\l__fontspec_emdef_int=\count294
\l__fontspec_strong_int=\count295
\l__fontspec_strongdef_int=\count296
\l__fontspec_tmpa_dim=\dimen157
\l__fontspec_tmpb_dim=\dimen158
\l__fontspec_tmpc_dim=\dimen159

(c:/texlive/2025/texmf-dist/tex/latex/base/fontenc.sty
Package: fontenc 2024/12/21 v2.1c Standard LaTeX package
)
(c:/texlive/2025/texmf-dist/tex/latex/fontspec/fontspec.cfg)))

Package fontspec Info: 
(fontspec)             Font family 'DejaVuSerif(0)' created for font 'DejaVu
(fontspec)             Serif' with options [Ligatures=TeX].
(fontspec)              
(fontspec)              This font family consists of the following NFSS
(fontspec)             series/shapes:
(fontspec)              
(fontspec)             - 'normal' (m/n) with NFSS spec.: <->"DejaVu
(fontspec)             Serif/OT:script=latn;language=dflt;mapping=tex-text;"
(fontspec)             - 'bold' (b/n) with NFSS spec.: <->"DejaVu
(fontspec)             Serif/B/OT:script=latn;language=dflt;mapping=tex-text;"
(fontspec)             - 'italic' (m/it) with NFSS spec.: <->"DejaVu
(fontspec)             Serif/I/OT:script=latn;language=dflt;mapping=tex-text;"
(fontspec)             - 'bold italic' (b/it) with NFSS spec.: <->"DejaVu
(fontspec)             Serif/BI/OT:script=latn;language=dflt;mapping=tex-text;"



Package fontspec Info: 
(fontspec)             Font family 'DejaVuSans(0)' created for font 'DejaVu
(fontspec)             Sans' with options [Ligatures=TeX].
(fontspec)              
(fontspec)              This font family consists of the following NFSS
(fontspec)             series/shapes:
(fontspec)              
(fontspec)             - 'normal' (m/n) with NFSS spec.: <->"DejaVu
(fontspec)             Sans/OT:script=latn;language=dflt;mapping=tex-text;"
(fontspec)             - 'bold' (b/n) with NFSS spec.: <->"DejaVu
(fontspec)             Sans/B/OT:script=latn;language=dflt;mapping=tex-text;"
(fontspec)             - 'italic' (m/it) with NFSS spec.: <->"DejaVu
(fontspec)             Sans/I/OT:script=latn;language=dflt;mapping=tex-text;"
(fontspec)             - 'bold italic' (b/it) with NFSS spec.: <->"DejaVu
(fontspec)             Sans/BI/OT:script=latn;language=dflt;mapping=tex-text;"


Package fontspec Info: 
(fontspec)             DejaVu Sans Mono scale = 0.86.


Package fontspec Info: 
(fontspec)             DejaVu Sans Mono scale = 0.86.


Package fontspec Info: 
(fontspec)             DejaVu Sans Mono/B scale = 0.86.


Package fontspec Info: 
(fontspec)             DejaVu Sans Mono/I scale = 0.86.


Package fontspec Info: 
(fontspec)             DejaVu Sans Mono/BI scale = 0.86.


Package fontspec Info: 
(fontspec)             Font family 'DejaVuSansMono(0)' created for font
(fontspec)             'DejaVu Sans Mono' with options
(fontspec)             [WordSpace={1,0,0},HyphenChar=None,PunctuationSpace=Word
Space,Scale=0.86].
(fontspec)              
(fontspec)              This font family consists of the following NFSS
(fontspec)             series/shapes:
(fontspec)              
(fontspec)             - 'normal' (m/n) with NFSS spec.: <->s*[0.86]"DejaVu
(fontspec)             Sans Mono/OT:script=latn;language=dflt;"
(fontspec)             - 'bold' (b/n) with NFSS spec.: <->s*[0.86]"DejaVu Sans
(fontspec)             Mono/B/OT:script=latn;language=dflt;"
(fontspec)             - 'italic' (m/it) with NFSS spec.: <->s*[0.86]"DejaVu
(fontspec)             Sans Mono/I/OT:script=latn;language=dflt;"
(fontspec)             - 'bold italic' (b/it) with NFSS spec.:
(fontspec)             <->s*[0.86]"DejaVu Sans
(fontspec)             Mono/BI/OT:script=latn;language=dflt;"


(c:/texlive/2025/texmf-dist/tex/latex/xcolor/xcolor.sty
Package: xcolor 2024/09/29 v3.02 LaTeX color extensions (UK)

(c:/texlive/2025/texmf-dist/tex/latex/graphics-cfg/color.cfg
File: color.cfg 2016/01/02 v1.6 sample color configuration
)
Package xcolor Info: Driver file: xetex.def on input line 274.

(c:/texlive/2025/texmf-dist/tex/latex/graphics-def/xetex.def
File: xetex.def 2025/09/29 v5.0o Graphics/color driver for xetex
)
(c:/texlive/2025/texmf-dist/tex/latex/graphics/mathcolor.ltx)
Package xcolor Info: Model `cmy' substituted by `cmy0' on input line 1349.
Package xcolor Info: Model `RGB' extended on input line 1365.
Package xcolor Info: Model `HTML' substituted by `rgb' on input line 1367.
Package xcolor Info: Model `Hsb' substituted by `hsb' on input line 1368.
Package xcolor Info: Model `tHsb' substituted by `hsb' on input line 1369.
Package xcolor Info: Model `HSB' substituted by `hsb' on input line 1370.
Package xcolor Info: Model `Gray' substituted by `gray' on input line 1371.
Package xcolor Info: Model `wave' substituted by `hsb' on input line 1372.
)
(c:/texlive/2025/texmf-dist/tex/latex/listings/listings.sty
\lst@mode=\count297
\lst@gtempboxa=\box53
\lst@token=\toks19
\lst@length=\count298
\lst@currlwidth=\dimen160
\lst@column=\count299
\lst@pos=\count300
\lst@lostspace=\dimen161
\lst@width=\dimen162
\lst@newlines=\count301
\lst@lineno=\count302
\lst@maxwidth=\dimen163

(c:/texlive/2025/texmf-dist/tex/latex/listings/lstpatch.sty
File: lstpatch.sty 2024/09/23 1.10c (Carsten Heinz)
)
(c:/texlive/2025/texmf-dist/tex/latex/listings/lstmisc.sty
File: lstmisc.sty 2024/09/23 1.10c (Carsten Heinz)
\c@lstnumber=\count303
\lst@skipnumbers=\count304
\lst@framebox=\box54
)
(c:/texlive/2025/texmf-dist/tex/latex/listings/listings.cfg
File: listings.cfg 2024/09/23 1.10c listings configuration
))
Package: listings 2024/09/23 1.10c (Carsten Heinz)

(c:/texlive/2025/texmf-dist/tex/latex/listings/lstlang1.sty
File: lstlang1.sty 2024/09/23 1.10c listings language file
)
(c:/texlive/2025/texmf-dist/tex/latex/booktabs/booktabs.sty
Package: booktabs 2020/01/12 v1.61803398 Publication quality tables
\heavyrulewidth=\dimen164
\lightrulewidth=\dimen165
\cmidrulewidth=\dimen166
\belowrulesep=\dimen167
\belowbottomsep=\dimen168
\aboverulesep=\dimen169
\abovetopsep=\dimen170
\cmidrulesep=\dimen171
\cmidrulekern=\dimen172
\defaultaddspace=\dimen173
\@cmidla=\count305
\@cmidlb=\count306
\@aboverulesep=\dimen174
\@belowrulesep=\dimen175
\@thisruleclass=\count307
\@lastruleclass=\count308
\@thisrulewidth=\dimen176
)
(c:/texlive/2025/texmf-dist/tex/latex/tools/longtable.sty
Package: longtable 2024-12-18 v4.23 Multi-page Table package (DPC)
\LTleft=\skip51
\LTright=\skip52
\LTpre=\skip53
\LTpost=\skip54
\LTchunksize=\count309
\LTcapwidth=\dimen177
\LT@head=\box55
\LT@firsthead=\box56
\LT@foot=\box57
\LT@lastfoot=\box58
\LT@gbox=\box59
\LT@cols=\count310
\LT@rows=\count311
\c@LT@tables=\count312
\c@LT@chunks=\count313
\LT@p@ftn=\toks20
)
(c:/texlive/2025/texmf-dist/tex/latex/tools/array.sty
Package: array 2025/06/08 v2.6j Tabular extension package (FMi)
\col@sep=\dimen178
\ar@mcellbox=\box60
\extrarowheight=\dimen179
\NC@list=\toks21
\extratabsurround=\skip55
\backup@length=\skip56
\ar@cellbox=\box61
)
(c:/texlive/2025/texmf-dist/tex/latex/etoolbox/etoolbox.sty
Package: etoolbox 2025/10/02 v2.5m e-TeX tools for LaTeX (JAW)
\etb@tempcnta=\count314
)
(c:/texlive/2025/texmf-dist/tex/latex/fancyhdr/fancyhdr.sty
Package: fancyhdr 2025/02/07 v5.2 Extensive control of page headers and footers

\f@nch@headwidth=\skip57
\f@nch@offset@elh=\skip58
\f@nch@offset@erh=\skip59
\f@nch@offset@olh=\skip60
\f@nch@offset@orh=\skip61
\f@nch@offset@elf=\skip62
\f@nch@offset@erf=\skip63
\f@nch@offset@olf=\skip64
\f@nch@offset@orf=\skip65
\f@nch@height=\skip66
\f@nch@footalignment=\skip67
\f@nch@widthL=\skip68
\f@nch@widthC=\skip69
\f@nch@widthR=\skip70
\@temptokenb=\toks22
)
(c:/texlive/2025/texmf-dist/tex/latex/titlesec/titlesec.sty
Package: titlesec 2025/01/04 v2.17 Sectioning titles
\ttl@box=\box62
\beforetitleunit=\skip71
\aftertitleunit=\skip72
\ttl@plus=\dimen180
\ttl@minus=\dimen181
\ttl@toksa=\toks23
\titlewidth=\dimen182
\titlewidthlast=\dimen183
\titlewidthfirst=\dimen184
)
(c:/texlive/2025/texmf-dist/tex/latex/enumitem/enumitem.sty
Package: enumitem 2025/02/06 v3.11 Customized lists
\labelindent=\skip73
\enit@outerparindent=\dimen185
\enit@toks=\toks24
\enit@inbox=\box63
\enit@count@id=\count315
\enitdp@description=\count316
)
(c:/texlive/2025/texmf-dist/tex/latex/hyperref/hyperref.sty
Package: hyperref 2025-07-12 v7.01o Hypertext links for LaTeX

(c:/texlive/2025/texmf-dist/tex/latex/kvsetkeys/kvsetkeys.sty
Package: kvsetkeys 2022-10-05 v1.19 Key value parser (HO)
)
(c:/texlive/2025/texmf-dist/tex/generic/kvdefinekeys/kvdefinekeys.sty
Package: kvdefinekeys 2019-12-19 v1.6 Define keys (HO)
)
(c:/texlive/2025/texmf-dist/tex/generic/pdfescape/pdfescape.sty
Package: pdfescape 2019/12/09 v1.15 Implements pdfTeX's escape features (HO)

(c:/texlive/2025/texmf-dist/tex/generic/ltxcmds/ltxcmds.sty
Package: ltxcmds 2023-12-04 v1.26 LaTeX kernel commands for general use (HO)
)
(c:/texlive/2025/texmf-dist/tex/generic/pdftexcmds/pdftexcmds.sty
Package: pdftexcmds 2020-06-27 v0.33 Utility functions of pdfTeX for LuaTeX (HO
)

(c:/texlive/2025/texmf-dist/tex/generic/infwarerr/infwarerr.sty
Package: infwarerr 2019/12/03 v1.5 Providing info/warning/error messages (HO)
)
Package pdftexcmds Info: \pdf@primitive is available.
Package pdftexcmds Info: \pdf@ifprimitive is available.
Package pdftexcmds Info: \pdfdraftmode not found.
))
(c:/texlive/2025/texmf-dist/tex/latex/hycolor/hycolor.sty
Package: hycolor 2020-01-27 v1.10 Color options for hyperref/bookmark (HO)
)
(c:/texlive/2025/texmf-dist/tex/latex/hyperref/nameref.sty
Package: nameref 2025-06-21 v2.57 Cross-referencing by name of section

(c:/texlive/2025/texmf-dist/tex/latex/refcount/refcount.sty
Package: refcount 2019/12/15 v3.6 Data extraction from label references (HO)
)
(c:/texlive/2025/texmf-dist/tex/generic/gettitlestring/gettitlestring.sty
Package: gettitlestring 2019/12/15 v1.6 Cleanup title references (HO)

(c:/texlive/2025/texmf-dist/tex/latex/kvoptions/kvoptions.sty
Package: kvoptions 2022-06-15 v3.15 Key value format for package options (HO)
))
\c@section@level=\count317
)
(c:/texlive/2025/texmf-dist/tex/generic/stringenc/stringenc.sty
Package: stringenc 2019/11/29 v1.12 Convert strings between diff. encodings (HO
)
)
\@linkdim=\dimen186
\Hy@linkcounter=\count318
\Hy@pagecounter=\count319

(c:/texlive/2025/texmf-dist/tex/latex/hyperref/pd1enc.def
File: pd1enc.def 2025-07-12 v7.01o Hyperref: PDFDocEncoding definition (HO)
)
(c:/texlive/2025/texmf-dist/tex/generic/intcalc/intcalc.sty
Package: intcalc 2019/12/15 v1.3 Expandable calculations with integers (HO)
)
\Hy@SavedSpaceFactor=\count320

(c:/texlive/2025/texmf-dist/tex/latex/hyperref/puenc.def
File: puenc.def 2025-07-12 v7.01o Hyperref: PDF Unicode definition (HO)
)
Package hyperref Info: Hyper figures OFF on input line 4195.
Package hyperref Info: Link nesting OFF on input line 4200.
Package hyperref Info: Hyper index ON on input line 4203.
Package hyperref Info: Plain pages OFF on input line 4210.
Package hyperref Info: Backreferencing OFF on input line 4215.
Package hyperref Info: Implicit mode ON; LaTeX internals redefined.
Package hyperref Info: Bookmarks ON on input line 4462.
\c@Hy@tempcnt=\count321

(c:/texlive/2025/texmf-dist/tex/latex/url/url.sty
\Urlmuskip=\muskip17
Package: url 2013/09/16  ver 3.4  Verb mode for urls, etc.
)
LaTeX Info: Redefining \url on input line 4801.
\XeTeXLinkMargin=\dimen187

(c:/texlive/2025/texmf-dist/tex/generic/bitset/bitset.sty
Package: bitset 2019/12/09 v1.3 Handle bit-vector datatype (HO)

(c:/texlive/2025/texmf-dist/tex/generic/bigintcalc/bigintcalc.sty
Package: bigintcalc 2019/12/15 v1.5 Expandable calculations on big integers (HO
)
))
\Fld@menulength=\count322
\Field@Width=\dimen188
\Fld@charsize=\dimen189
Package hyperref Info: Hyper figures OFF on input line 6078.
Package hyperref Info: Link nesting OFF on input line 6083.
Package hyperref Info: Hyper index ON on input line 6086.
Package hyperref Info: backreferencing OFF on input line 6093.
Package hyperref Info: Link coloring OFF on input line 6098.
Package hyperref Info: Link coloring with OCG OFF on input line 6103.
Package hyperref Info: PDF/A mode OFF on input line 6108.
\Hy@abspage=\count323
\c@Item=\count324
\c@Hfootnote=\count325
)
Package hyperref Info: Driver (autodetected): hxetex.

(c:/texlive/2025/texmf-dist/tex/latex/hyperref/hxetex.def
File: hxetex.def 2025-07-12 v7.01o Hyperref driver for XeTeX
\pdfm@box=\box64
\c@Hy@AnnotLevel=\count326
\HyField@AnnotCount=\count327
\Fld@listcount=\count328
\c@bookmark@seq@number=\count329

(c:/texlive/2025/texmf-dist/tex/latex/rerunfilecheck/rerunfilecheck.sty
Package: rerunfilecheck 2025-06-21 v1.11 Rerun checks for auxiliary files (HO)

(c:/texlive/2025/texmf-dist/tex/generic/uniquecounter/uniquecounter.sty
Package: uniquecounter 2019/12/15 v1.4 Provide unlimited unique counter (HO)
)
Package uniquecounter Info: New unique counter `rerunfilecheck' on input line 2
84.
)
\Hy@SectionHShift=\skip74
)
Package hyperref Info: Option `bookmarksnumbered' set `false' on input line 96.

)
(./main.aux

LaTeX Warning: Label `objective' multiply defined.


LaTeX Warning: Label `dataset-used' multiply defined.


LaTeX Warning: Label `required-libraries' multiply defined.


LaTeX Warning: Label `brief-theory' multiply defined.


LaTeX Warning: Label `procedure' multiply defined.


LaTeX Warning: Label `reference-implementation' multiply defined.


LaTeX Warning: Label `results' multiply defined.


LaTeX Warning: Label `discussion-and-conclusion' multiply defined.


LaTeX Warning: Label `answers-to-viva-questions' multiply defined.


LaTeX Warning: Label `complete-code-listing' multiply defined.


LaTeX Warning: Label `objective-1' multiply defined.


LaTeX Warning: Label `dataset-used-1' multiply defined.


LaTeX Warning: Label `required-libraries-1' multiply defined.


LaTeX Warning: Label `brief-theory-1' multiply defined.


LaTeX Warning: Label `procedure-1' multiply defined.


LaTeX Warning: Label `reference-implementation-1' multiply defined.


LaTeX Warning: Label `results-1' multiply defined.


LaTeX Warning: Label `discussion-and-conclusion-1' multiply defined.


LaTeX Warning: Label `answers-to-viva-questions-1' multiply defined.


LaTeX Warning: Label `complete-code-listing-1' multiply defined.


LaTeX Warning: Label `objective' multiply defined.


LaTeX Warning: Label `dataset-used' multiply defined.


LaTeX Warning: Label `required-libraries' multiply defined.


LaTeX Warning: Label `brief-theory' multiply defined.


LaTeX Warning: Label `procedure' multiply defined.


LaTeX Warning: Label `reference-implementation' multiply defined.


LaTeX Warning: Label `results' multiply defined.


LaTeX Warning: Label `discussion-and-conclusion' multiply defined.


LaTeX Warning: Label `answers-to-viva-questions' multiply defined.


LaTeX Warning: Label `complete-code-listing' multiply defined.


LaTeX Warning: Label `objective' multiply defined.


LaTeX Warning: Label `dataset-used' multiply defined.


LaTeX Warning: Label `required-libraries' multiply defined.


LaTeX Warning: Label `brief-theory' multiply defined.


LaTeX Warning: Label `procedure' multiply defined.


LaTeX Warning: Label `reference-implementation' multiply defined.


LaTeX Warning: Label `results' multiply defined.


LaTeX Warning: Label `discussion-and-conclusion' multiply defined.


LaTeX Warning: Label `answers-to-viva-questions' multiply defined.


LaTeX Warning: Label `complete-code-listing' multiply defined.


LaTeX Warning: Label `objective-1' multiply defined.


LaTeX Warning: Label `dataset-used-1' multiply defined.


LaTeX Warning: Label `required-libraries-1' multiply defined.


LaTeX Warning: Label `brief-theory-1' multiply defined.


LaTeX Warning: Label `procedure-1' multiply defined.


LaTeX Warning: Label `reference-implementation-1' multiply defined.


LaTeX Warning: Label `results-1' multiply defined.


LaTeX Warning: Label `discussion-and-conclusion-1' multiply defined.


LaTeX Warning: Label `answers-to-viva-questions-1' multiply defined.


LaTeX Warning: Label `complete-code-listing-1' multiply defined.


LaTeX Warning: Label `objective-2' multiply defined.


LaTeX Warning: Label `dataset-used-2' multiply defined.


LaTeX Warning: Label `required-libraries-2' multiply defined.


LaTeX Warning: Label `brief-theory-2' multiply defined.


LaTeX Warning: Label `procedure-2' multiply defined.


LaTeX Warning: Label `reference-implementation-2' multiply defined.


LaTeX Warning: Label `results-2' multiply defined.


LaTeX Warning: Label `discussion-and-conclusion-2' multiply defined.


LaTeX Warning: Label `answers-to-viva-questions-2' multiply defined.


LaTeX Warning: Label `complete-code-listing-2' multiply defined.


LaTeX Warning: Label `objective' multiply defined.


LaTeX Warning: Label `dataset-used' multiply defined.


LaTeX Warning: Label `required-libraries' multiply defined.


LaTeX Warning: Label `brief-theory' multiply defined.


LaTeX Warning: Label `procedure' multiply defined.


LaTeX Warning: Label `reference-implementation' multiply defined.


LaTeX Warning: Label `objective' multiply defined.


LaTeX Warning: Label `required-libraries' multiply defined.


LaTeX Warning: Label `brief-theory' multiply defined.


LaTeX Warning: Label `procedure' multiply defined.


LaTeX Warning: Label `reference-implementation' multiply defined.


LaTeX Warning: Label `objective' multiply defined.


LaTeX Warning: Label `dataset-used' multiply defined.


LaTeX Warning: Label `required-libraries' multiply defined.


LaTeX Warning: Label `brief-theory' multiply defined.


LaTeX Warning: Label `procedure' multiply defined.


LaTeX Warning: Label `reference-implementation' multiply defined.


LaTeX Warning: Label `results' multiply defined.


LaTeX Warning: Label `discussion-and-conclusion' multiply defined.


LaTeX Warning: Label `answers-to-viva-questions' multiply defined.


LaTeX Warning: Label `complete-code-listing' multiply defined.


LaTeX Warning: Label `objective' multiply defined.


LaTeX Warning: Label `dataset-used' multiply defined.


LaTeX Warning: Label `required-libraries' multiply defined.


LaTeX Warning: Label `brief-theory' multiply defined.


LaTeX Warning: Label `procedure' multiply defined.


LaTeX Warning: Label `reference-implementation' multiply defined.


LaTeX Warning: Label `results' multiply defined.


LaTeX Warning: Label `discussion-and-conclusion' multiply defined.


LaTeX Warning: Label `answers-to-viva-questions' multiply defined.


LaTeX Warning: Label `complete-code-listing' multiply defined.


LaTeX Warning: Label `objective' multiply defined.


LaTeX Warning: Label `datasets-used' multiply defined.


LaTeX Warning: Label `required-libraries' multiply defined.


LaTeX Warning: Label `brief-theory' multiply defined.


LaTeX Warning: Label `procedure' multiply defined.


LaTeX Warning: Label `reference-implementation' multiply defined.


LaTeX Warning: Label `results' multiply defined.


LaTeX Warning: Label `discussion-and-conclusion' multiply defined.


LaTeX Warning: Label `answers-to-viva-questions' multiply defined.


LaTeX Warning: Label `complete-code-listing' multiply defined.


LaTeX Warning: Label `objective' multiply defined.


LaTeX Warning: Label `dataset-used' multiply defined.


LaTeX Warning: Label `required-libraries' multiply defined.


LaTeX Warning: Label `brief-theory' multiply defined.


LaTeX Warning: Label `procedure' multiply defined.


LaTeX Warning: Label `reference-implementation' multiply defined.


LaTeX Warning: Label `results' multiply defined.


LaTeX Warning: Label `discussion-and-conclusion' multiply defined.


LaTeX Warning: Label `answers-to-viva-questions' multiply defined.


LaTeX Warning: Label `complete-code-listing' multiply defined.


LaTeX Warning: Label `objective' multiply defined.


LaTeX Warning: Label `dataset-used' multiply defined.


LaTeX Warning: Label `required-libraries' multiply defined.


LaTeX Warning: Label `brief-theory' multiply defined.


LaTeX Warning: Label `procedure' multiply defined.


LaTeX Warning: Label `reference-implementation' multiply defined.


LaTeX Warning: Label `results' multiply defined.


LaTeX Warning: Label `discussion-and-conclusion' multiply defined.


LaTeX Warning: Label `answers-to-viva-questions' multiply defined.


LaTeX Warning: Label `complete-code-listing' multiply defined.

)
\openout1 = `main.aux'.

LaTeX Font Info:    Checking defaults for OML/cmm/m/it on input line 12.
LaTeX Font Info:    ... okay on input line 12.
LaTeX Font Info:    Checking defaults for OMS/cmsy/m/n on input line 12.
LaTeX Font Info:    ... okay on input line 12.
LaTeX Font Info:    Checking defaults for OT1/cmr/m/n on input line 12.
LaTeX Font Info:    ... okay on input line 12.
LaTeX Font Info:    Checking defaults for T1/cmr/m/n on input line 12.
LaTeX Font Info:    ... okay on input line 12.
LaTeX Font Info:    Checking defaults for TS1/cmr/m/n on input line 12.
LaTeX Font Info:    ... okay on input line 12.
LaTeX Font Info:    Checking defaults for TU/lmr/m/n on input line 12.
LaTeX Font Info:    ... okay on input line 12.
LaTeX Font Info:    Checking defaults for OMX/cmex/m/n on input line 12.
LaTeX Font Info:    ... okay on input line 12.
LaTeX Font Info:    Checking defaults for U/cmr/m/n on input line 12.
LaTeX Font Info:    ... okay on input line 12.
LaTeX Font Info:    Checking defaults for PD1/pdf/m/n on input line 12.
LaTeX Font Info:    ... okay on input line 12.
LaTeX Font Info:    Checking defaults for PU/pdf/m/n on input line 12.
LaTeX Font Info:    ... okay on input line 12.

*geometry* driver: auto-detecting
*geometry* detected driver: xetex
*geometry* verbose mode - [ preamble ] result:
* driver: xetex
* paper: a4paper
* layout: <same size as paper>
* layoutoffset:(h,v)=(0.0pt,0.0pt)
* modes: 
* h-part:(L,W,R)=(59.75095pt, 478.00598pt, 59.75095pt)
* v-part:(T,H,B)=(62.59596pt, 719.85492pt, 62.59596pt)
* \paperwidth=597.50787pt
* \paperheight=845.04684pt
* \textwidth=478.00598pt
* \textheight=719.85492pt
* \oddsidemargin=-12.51904pt
* \evensidemargin=-12.51904pt
* \topmargin=-46.67403pt
* \headheight=14.0pt
* \headsep=25.0pt
* \topskip=10.0pt
* \footskip=30.0pt
* \marginparwidth=57.0pt
* \marginparsep=11.0pt
* \columnsep=10.0pt
* \skip\footins=9.0pt plus 4.0pt minus 2.0pt
* \hoffset=0.0pt
* \voffset=0.0pt
* \mag=1000
* \@twocolumnfalse
* \@twosidefalse
* \@mparswitchfalse
* \@reversemarginfalse
* (1in=72.27pt=25.4mm, 1cm=28.453pt)


Package fontspec Info: 
(fontspec)             Adjusting the maths setup (use [no-math] to avoid
(fontspec)             this).

\symlegacymaths=\mathgroup4
LaTeX Font Info:    Overwriting symbol font `legacymaths' in version `bold'
(Font)                  OT1/cmr/m/n --> OT1/cmr/bx/n on input line 12.
LaTeX Font Info:    Redeclaring math accent \acute on input line 12.
LaTeX Font Info:    Redeclaring math accent \grave on input line 12.
LaTeX Font Info:    Redeclaring math accent \ddot on input line 12.
LaTeX Font Info:    Redeclaring math accent \tilde on input line 12.
LaTeX Font Info:    Redeclaring math accent \bar on input line 12.
LaTeX Font Info:    Redeclaring math accent \breve on input line 12.
LaTeX Font Info:    Redeclaring math accent \check on input line 12.
LaTeX Font Info:    Redeclaring math accent \hat on input line 12.
LaTeX Font Info:    Redeclaring math accent \dot on input line 12.
LaTeX Font Info:    Redeclaring math accent \mathring on input line 12.
LaTeX Font Info:    Redeclaring math symbol \colon on input line 12.
LaTeX Font Info:    Redeclaring math symbol \Gamma on input line 12.
LaTeX Font Info:    Redeclaring math symbol \Delta on input line 12.
LaTeX Font Info:    Redeclaring math symbol \Theta on input line 12.
LaTeX Font Info:    Redeclaring math symbol \Lambda on input line 12.
LaTeX Font Info:    Redeclaring math symbol \Xi on input line 12.
LaTeX Font Info:    Redeclaring math symbol \Pi on input line 12.
LaTeX Font Info:    Redeclaring math symbol \Sigma on input line 12.
LaTeX Font Info:    Redeclaring math symbol \Upsilon on input line 12.
LaTeX Font Info:    Redeclaring math symbol \Phi on input line 12.
LaTeX Font Info:    Redeclaring math symbol \Psi on input line 12.
LaTeX Font Info:    Redeclaring math symbol \Omega on input line 12.
LaTeX Font Info:    Redeclaring math symbol \mathdollar on input line 12.
LaTeX Font Info:    Redeclaring symbol font `operators' on input line 12.
LaTeX Font Info:    Encoding `OT1' has changed to `TU' for symbol font
(Font)              `operators' in the math version `normal' on input line 12.
LaTeX Font Info:    Overwriting symbol font `operators' in version `normal'
(Font)                  OT1/cmr/m/n --> TU/DejaVuSerif(0)/m/n on input line 12.

LaTeX Font Info:    Encoding `OT1' has changed to `TU' for symbol font
(Font)              `operators' in the math version `bold' on input line 12.
LaTeX Font Info:    Overwriting symbol font `operators' in version `bold'
(Font)                  OT1/cmr/bx/n --> TU/DejaVuSerif(0)/m/n on input line 12
.
LaTeX Font Info:    Overwriting symbol font `operators' in version `normal'
(Font)                  TU/DejaVuSerif(0)/m/n --> TU/DejaVuSerif(0)/m/n on inpu
t line 12.
LaTeX Font Info:    Overwriting math alphabet `\mathit' in version `normal'
(Font)                  OT1/cmr/m/it --> TU/DejaVuSerif(0)/m/it on input line 1
2.
LaTeX Font Info:    Overwriting math alphabet `\mathbf' in version `normal'
(Font)                  OT1/cmr/bx/n --> TU/DejaVuSerif(0)/b/n on input line 12
.
LaTeX Font Info:    Overwriting math alphabet `\mathsf' in version `normal'
(Font)                  OT1/cmss/m/n --> TU/DejaVuSans(0)/m/n on input line 12.

LaTeX Font Info:    Overwriting math alphabet `\mathtt' in version `normal'
(Font)                  OT1/cmtt/m/n --> TU/DejaVuSansMono(0)/m/n on input line
 12.
LaTeX Font Info:    Overwriting symbol font `operators' in version `bold'
(Font)                  TU/DejaVuSerif(0)/m/n --> TU/DejaVuSerif(0)/b/n on inpu
t line 12.
LaTeX Font Info:    Overwriting math alphabet `\mathit' in version `bold'
(Font)                  OT1/cmr/bx/it --> TU/DejaVuSerif(0)/b/it on input line 
12.
LaTeX Font Info:    Overwriting math alphabet `\mathsf' in version `bold'
(Font)                  OT1/cmss/bx/n --> TU/DejaVuSans(0)/b/n on input line 12
.
LaTeX Font Info:    Overwriting math alphabet `\mathtt' in version `bold'
(Font)                  OT1/cmtt/m/n --> TU/DejaVuSansMono(0)/b/n on input line
 12.
\c@lstlisting=\count330
Package hyperref Info: Link coloring OFF on input line 12.
(./main.out) (./main.out)
\@outlinefile=\write3
\openout3 = `main.out'.



[1

] (./main.toc
LaTeX Font Info:    External font `cmex10' loaded for size
(Font)              <7> on input line 3.
LaTeX Font Info:    External font `cmex10' loaded for size
(Font)              <5> on input line 3.


[1

]

[2]

[3]

[4])
\tf@toc=\write4
\openout4 = `main.toc'.



[5]
LaTeX Font Info:    Font shape `TU/DejaVuSansMono(0)/m/n' will be
(Font)              scaled to size 8.6pt on input line 67.
 (./sections/01_clustering.tex

[6


]
LaTeX Font Info:    Font shape `TU/DejaVuSansMono(0)/m/n' will be
(Font)              scaled to size 7.74pt on input line 20.
LaTeX Font Info:    External font `cmex10' loaded for size
(Font)              <9> on input line 20.
LaTeX Font Info:    External font `cmex10' loaded for size
(Font)              <6> on input line 20.
LaTeX Font Info:    Font shape `TU/DejaVuSansMono(0)/b/n' will be
(Font)              scaled to size 7.74pt on input line 62.
LaTeX Font Info:    Font shape `TU/DejaVuSansMono(0)/m/it' will be
(Font)              scaled to size 7.74pt on input line 67.


[7

]

! LaTeX Error: No counter 'none' defined.

See the LaTeX manual or LaTeX Companion for explanation.
Type  H <return>  for immediate help.
 ...                                              
                                                  
l.112 \begin{longtable}[]{@{}ll@{}}
                                   
Your command was ignored.
Type  I <command> <return>  to replace it with another command,
or  <return>  to continue without it.


Underfull \hbox (badness 10000) in alignment at lines 112--116
[] []
 []


Underfull \hbox (badness 10000) in alignment at lines 116--118
[] []
 []


Underfull \hbox (badness 10000) in alignment at lines 118--122
[] []
 []


Package hyperref Warning: Counter 'none' or the representation '\theHnone`
(hyperref)                don't exist. No target created. on input line 122.



[8]
LaTeX Font Info:    Font shape `TU/DejaVuSansMono(0)/m/it' will be
(Font)              scaled to size 8.6pt on input line 166.

Overfull \hbox (2.47665pt too wide) in paragraph at lines 215--216
[]\TU/DejaVuSerif(0)/b/n/10 Listing 2.3 — Modified K-Means (manual variant): K-
Means++ + outlier-distance check 
 []



[9]

[10]

! LaTeX Error: No counter 'none' defined.

See the LaTeX manual or LaTeX Companion for explanation.
Type  H <return>  for immediate help.
 ...                                              
                                                  
l.305 \begin{longtable}[]{@{}ll@{}}
                                   
Your command was ignored.
Type  I <command> <return>  to replace it with another command,
or  <return>  to continue without it.


Underfull \hbox (badness 10000) in alignment at lines 305--309
[] []
 []


Underfull \hbox (badness 10000) in alignment at lines 309--311
[] []
 []


Underfull \hbox (badness 10000) in alignment at lines 311--315
[] []
 []


Package hyperref Warning: Counter 'none' or the representation '\theHnone`
(hyperref)                don't exist. No target created. on input line 315.



[11

]

[12]

[13]
Overfull \hbox (0.3005pt too wide) in paragraph at lines 465--471
\TU/DejaVuSerif(0)/m/n/10 u_ik = 1. It alternates: v_k = Σ_i u_ik^m x_i / Σ_i u
_ik^m and u_ik = 1 / Σ_j (d_ik/d_ij)^(2/(m−1)).
 []


! LaTeX Error: No counter 'none' defined.

See the LaTeX manual or LaTeX Companion for explanation.
Type  H <return>  for immediate help.
 ...                                              
                                                  
l.506 \begin{longtable}[]{@{}ll@{}}
                                   
Your command was ignored.
Type  I <command> <return>  to replace it with another command,
or  <return>  to continue without it.


Underfull \hbox (badness 10000) in alignment at lines 506--510
[] []
 []


Underfull \hbox (badness 10000) in alignment at lines 510--512
[] []
 []


Underfull \hbox (badness 10000) in alignment at lines 512--517
[] []
 []


Package hyperref Warning: Counter 'none' or the representation '\theHnone`
(hyperref)                don't exist. No target created. on input line 517.



[14

]

[15]

[16]) (./sections/02_density_based.tex

[17]

! LaTeX Error: No counter 'none' defined.

See the LaTeX manual or LaTeX Companion for explanation.
Type  H <return>  for immediate help.
 ...                                              
                                                  
l.73 \begin{longtable}[]{@{}llll@{}}
                                    
Your command was ignored.
Type  I <command> <return>  to replace it with another command,
or  <return>  to continue without it.


Underfull \hbox (badness 10000) in alignment at lines 73--77
[] [] [] []
 []


Underfull \hbox (badness 10000) in alignment at lines 77--79
[] [] [] []
 []


Underfull \hbox (badness 10000) in alignment at lines 79--84
[] [] [] []
 []


Package hyperref Warning: Counter 'none' or the representation '\theHnone`
(hyperref)                don't exist. No target created. on input line 84.



[18

]

[19]

[20]

[21]

! LaTeX Error: No counter 'none' defined.

See the LaTeX manual or LaTeX Companion for explanation.
Type  H <return>  for immediate help.
 ...                                              
                                                  
l.311 ...width - 8\tabcolsep) * \real{0.2000}}@{}}
                                                  
Your command was ignored.
Type  I <command> <return>  to replace it with another command,
or  <return>  to continue without it.

! Missing number, treated as zero.
<to be read again> 
                   (
l.313 \begin
            {minipage}[b]{\linewidth}\raggedright
A number should have been here; I inserted `0'.
(If you can't figure out why I needed to see a number,
look up `weird error' in the index to The TeXbook.)

! Illegal unit of measure (pt inserted).
<to be read again> 
                   (
l.313 \begin
            {minipage}[b]{\linewidth}\raggedright
Dimensions can be in units of em, ex, in, pt, pc,
cm, mm, dd, cc, bp, or sp; but yours is a new one!
I'll assume that you meant to say pt, for printer's points.
To recover gracefully from this error, it's best to
delete the erroneous units; e.g., type `2' to delete
two letters. (See Chapter 27 of The TeXbook.)

! Undefined control sequence.
<argument> (\linewidth - 8\tabcolsep ) * \real 
                                               {0.2000}
l.313 \begin
            {minipage}[b]{\linewidth}\raggedright
The control sequence at the end of the top line
of your error message was never \def'ed. If you have
misspelled it (e.g., `\hobx'), type `I' and the correct
spelling (e.g., `I\hbox'). Otherwise just continue,
and I'll forget about whatever was undefined.


Overfull \hbox (45.68555pt too wide) in paragraph at lines 314--315
[]\TU/DejaVuSerif(0)/m/n/9 Algorithm  
 []


Overfull \hbox (7.02246pt too wide) in paragraph at lines 313--315
[]\TU/DejaVuSerif(0)/m/n/9 () 
 []


Overfull \hbox (4.5pt too wide) in paragraph at lines 313--315
\TU/DejaVuSerif(0)/m/n/9 * 
 []


Overfull \hbox (31.49121pt too wide) in paragraph at lines 313--315
\TU/DejaVuSerif(0)/m/n/9 0.2000[]|  
 []

! Missing number, treated as zero.
<to be read again> 
                   (
l.315 \end{minipage} & \begin
                             {minipage}[b]{\linewidth}\raggedright
A number should have been here; I inserted `0'.
(If you can't figure out why I needed to see a number,
look up `weird error' in the index to The TeXbook.)

! Illegal unit of measure (pt inserted).
<to be read again> 
                   (
l.315 \end{minipage} & \begin
                             {minipage}[b]{\linewidth}\raggedright
Dimensions can be in units of em, ex, in, pt, pc,
cm, mm, dd, cc, bp, or sp; but yours is a new one!
I'll assume that you meant to say pt, for printer's points.
To recover gracefully from this error, it's best to
delete the erroneous units; e.g., type `2' to delete
two letters. (See Chapter 27 of The TeXbook.)

! Undefined control sequence.
<argument> (\linewidth - 8\tabcolsep ) * \real 
                                               {0.2000}
l.315 \end{minipage} & \begin
                             {minipage}[b]{\linewidth}\raggedright
The control sequence at the end of the top line
of your error message was never \def'ed. If you have
misspelled it (e.g., `\hobx'), type `I' and the correct
spelling (e.g., `I\hbox'). Otherwise just continue,
and I'll forget about whatever was undefined.


Overfull \hbox (38.04346pt too wide) in paragraph at lines 316--317
[]\TU/DejaVuSerif(0)/m/n/9 Clusters  
 []


Overfull \hbox (7.02246pt too wide) in paragraph at lines 315--317
[]\TU/DejaVuSerif(0)/m/n/9 () 
 []


Overfull \hbox (4.5pt too wide) in paragraph at lines 315--317
\TU/DejaVuSerif(0)/m/n/9 * 
 []


Overfull \hbox (31.49121pt too wide) in paragraph at lines 315--317
\TU/DejaVuSerif(0)/m/n/9 0.2000[]|  
 []

! Missing number, treated as zero.
<to be read again> 
                   (
l.317 \end{minipage} & \begin
                             {minipage}[b]{\linewidth}\raggedright
A number should have been here; I inserted `0'.
(If you can't figure out why I needed to see a number,
look up `weird error' in the index to The TeXbook.)

! Illegal unit of measure (pt inserted).
<to be read again> 
                   (
l.317 \end{minipage} & \begin
                             {minipage}[b]{\linewidth}\raggedright
Dimensions can be in units of em, ex, in, pt, pc,
cm, mm, dd, cc, bp, or sp; but yours is a new one!
I'll assume that you meant to say pt, for printer's points.
To recover gracefully from this error, it's best to
delete the erroneous units; e.g., type `2' to delete
two letters. (See Chapter 27 of The TeXbook.)

! Undefined control sequence.
<argument> (\linewidth - 8\tabcolsep ) * \real 
                                               {0.2000}
l.317 \end{minipage} & \begin
                             {minipage}[b]{\linewidth}\raggedright
The control sequence at the end of the top line
of your error message was never \def'ed. If you have
misspelled it (e.g., `\hobx'), type `I' and the correct
spelling (e.g., `I\hbox'). Otherwise just continue,
and I'll forget about whatever was undefined.


Overfull \hbox (26.1167pt too wide) in paragraph at lines 318--319
[]\TU/DejaVuSerif(0)/m/n/9 Noise 
 []


Overfull \hbox (29.76855pt too wide) in paragraph at lines 318--319
\TU/DejaVuSerif(0)/m/n/9 events  
 []


Overfull \hbox (7.02246pt too wide) in paragraph at lines 317--319
[]\TU/DejaVuSerif(0)/m/n/9 () 
 []


Overfull \hbox (4.5pt too wide) in paragraph at lines 317--319
\TU/DejaVuSerif(0)/m/n/9 * 
 []


Overfull \hbox (31.49121pt too wide) in paragraph at lines 317--319
\TU/DejaVuSerif(0)/m/n/9 0.2000[]|  
 []

! Missing number, treated as zero.
<to be read again> 
                   (
l.319 \end{minipage} & \begin
                             {minipage}[b]{\linewidth}\raggedright
A number should have been here; I inserted `0'.
(If you can't figure out why I needed to see a number,
look up `weird error' in the index to The TeXbook.)

! Illegal unit of measure (pt inserted).
<to be read again> 
                   (
l.319 \end{minipage} & \begin
                             {minipage}[b]{\linewidth}\raggedright
Dimensions can be in units of em, ex, in, pt, pc,
cm, mm, dd, cc, bp, or sp; but yours is a new one!
I'll assume that you meant to say pt, for printer's points.
To recover gracefully from this error, it's best to
delete the erroneous units; e.g., type `2' to delete
two letters. (See Chapter 27 of The TeXbook.)

! Undefined control sequence.
<argument> (\linewidth - 8\tabcolsep ) * \real 
                                               {0.2000}
l.319 \end{minipage} & \begin
                             {minipage}[b]{\linewidth}\raggedright
The control sequence at the end of the top line
of your error message was never \def'ed. If you have
misspelled it (e.g., `\hobx'), type `I' and the correct
spelling (e.g., `I\hbox'). Otherwise just continue,
and I'll forget about whatever was undefined.


Overfull \hbox (34.96729pt too wide) in paragraph at lines 320--321
[]\TU/DejaVuSerif(0)/m/n/9 Largest 
 []


Overfull \hbox (21.375pt too wide) in paragraph at lines 320--321
\TU/DejaVuSerif(0)/m/n/9 clus- 
 []


Overfull \hbox (13.24512pt too wide) in paragraph at lines 320--321
\TU/DejaVuSerif(0)/m/n/9 ter  
 []


Overfull \hbox (7.02246pt too wide) in paragraph at lines 319--321
[]\TU/DejaVuSerif(0)/m/n/9 () 
 []


Overfull \hbox (4.5pt too wide) in paragraph at lines 319--321
\TU/DejaVuSerif(0)/m/n/9 * 
 []


Overfull \hbox (31.49121pt too wide) in paragraph at lines 319--321
\TU/DejaVuSerif(0)/m/n/9 0.2000[]|  
 []

! Missing number, treated as zero.
<to be read again> 
                   (
l.321 \end{minipage} & \begin
                             {minipage}[b]{\linewidth}\raggedright
A number should have been here; I inserted `0'.
(If you can't figure out why I needed to see a number,
look up `weird error' in the index to The TeXbook.)

! Illegal unit of measure (pt inserted).
<to be read again> 
                   (
l.321 \end{minipage} & \begin
                             {minipage}[b]{\linewidth}\raggedright
Dimensions can be in units of em, ex, in, pt, pc,
cm, mm, dd, cc, bp, or sp; but yours is a new one!
I'll assume that you meant to say pt, for printer's points.
To recover gracefully from this error, it's best to
delete the erroneous units; e.g., type `2' to delete
two letters. (See Chapter 27 of The TeXbook.)

! Undefined control sequence.
<argument> (\linewidth - 8\tabcolsep ) * \real 
                                               {0.2000}
l.321 \end{minipage} & \begin
                             {minipage}[b]{\linewidth}\raggedright
The control sequence at the end of the top line
of your error message was never \def'ed. If you have
misspelled it (e.g., `\hobx'), type `I' and the correct
spelling (e.g., `I\hbox'). Otherwise just continue,
and I'll forget about whatever was undefined.


Overfull \hbox (46.81934pt too wide) in paragraph at lines 322--323
[]\TU/DejaVuSerif(0)/m/n/9 Silhouette 
 []


Overfull \hbox (14.69092pt too wide) in paragraph at lines 322--323
\TU/DejaVuSerif(0)/m/n/9 (3k 
 []


Overfull \hbox (21.55957pt too wide) in paragraph at lines 322--323
\TU/DejaVuSerif(0)/m/n/9 sam- 
 []


Overfull \hbox (17.47705pt too wide) in paragraph at lines 322--323
\TU/DejaVuSerif(0)/m/n/9 ple)  
 []


Overfull \hbox (7.02246pt too wide) in paragraph at lines 321--324
[]\TU/DejaVuSerif(0)/m/n/9 () 
 []


Overfull \hbox (4.5pt too wide) in paragraph at lines 321--324
\TU/DejaVuSerif(0)/m/n/9 * 
 []


Overfull \hbox (31.49121pt too wide) in paragraph at lines 321--324
\TU/DejaVuSerif(0)/m/n/9 0.2000[]|  
 []


Underfull \hbox (badness 10000) in alignment at lines 311--325
[] [] [] [] []
 []


Underfull \hbox (badness 10000) in alignment at lines 325--327
[] [] [] [] []
 []

! Missing number, treated as zero.
<to be read again> 
                   (
l.328 D
       BSCAN (ε=0.03) & 55 & 13.5\% & 1,629 & 0.326 \\
A number should have been here; I inserted `0'.
(If you can't figure out why I needed to see a number,
look up `weird error' in the index to The TeXbook.)

! Illegal unit of measure (pt inserted).
<to be read again> 
                   (
l.328 D
       BSCAN (ε=0.03) & 55 & 13.5\% & 1,629 & 0.326 \\
Dimensions can be in units of em, ex, in, pt, pc,
cm, mm, dd, cc, bp, or sp; but yours is a new one!
I'll assume that you meant to say pt, for printer's points.
To recover gracefully from this error, it's best to
delete the erroneous units; e.g., type `2' to delete
two letters. (See Chapter 27 of The TeXbook.)

! Undefined control sequence.
<argument> (\linewidth - 8\tabcolsep ) * \real 
                                               {0.2000}
l.328 D
       BSCAN (ε=0.03) & 55 & 13.5\% & 1,629 & 0.326 \\
The control sequence at the end of the top line
of your error message was never \def'ed. If you have
misspelled it (e.g., `\hobx'), type `I' and the correct
spelling (e.g., `I\hbox'). Otherwise just continue,
and I'll forget about whatever was undefined.


Overfull \hbox (7.02246pt too wide) in paragraph at lines 328--328
[]\TU/DejaVuSerif(0)/m/n/9 () 
 []


Overfull \hbox (4.5pt too wide) in paragraph at lines 328--328
\TU/DejaVuSerif(0)/m/n/9 * 
 []


Overfull \hbox (48.52881pt too wide) in paragraph at lines 328--328
\TU/DejaVuSerif(0)/m/n/9 0.2000DB- 
 []


Overfull \hbox (27.42627pt too wide) in paragraph at lines 328--328
\TU/DejaVuSerif(0)/m/n/9 SCAN 
 []


Overfull \hbox (39.26514pt too wide) in paragraph at lines 328--328
\TU/DejaVuSerif(0)/m/n/9 (ε=0.03)|  
 []

! Missing number, treated as zero.
<to be read again> 
                   (
l.328 DBSCAN (ε=0.03) & 5
                         5 & 13.5\% & 1,629 & 0.326 \\
A number should have been here; I inserted `0'.
(If you can't figure out why I needed to see a number,
look up `weird error' in the index to The TeXbook.)

! Illegal unit of measure (pt inserted).
<to be read again> 
                   (
l.328 DBSCAN (ε=0.03) & 5
                         5 & 13.5\% & 1,629 & 0.326 \\
Dimensions can be in units of em, ex, in, pt, pc,
cm, mm, dd, cc, bp, or sp; but yours is a new one!
I'll assume that you meant to say pt, for printer's points.
To recover gracefully from this error, it's best to
delete the erroneous units; e.g., type `2' to delete
two letters. (See Chapter 27 of The TeXbook.)

! Undefined control sequence.
<argument> (\linewidth - 8\tabcolsep ) * \real 
                                               {0.2000}
l.328 DBSCAN (ε=0.03) & 5
                         5 & 13.5\% & 1,629 & 0.326 \\
The control sequence at the end of the top line
of your error message was never \def'ed. If you have
misspelled it (e.g., `\hobx'), type `I' and the correct
spelling (e.g., `I\hbox'). Otherwise just continue,
and I'll forget about whatever was undefined.


Overfull \hbox (7.02246pt too wide) in paragraph at lines 328--328
[]\TU/DejaVuSerif(0)/m/n/9 () 
 []


Overfull \hbox (4.5pt too wide) in paragraph at lines 328--328
\TU/DejaVuSerif(0)/m/n/9 * 
 []


Overfull \hbox (42.94336pt too wide) in paragraph at lines 328--328
\TU/DejaVuSerif(0)/m/n/9 0.200055|  
 []

! Missing number, treated as zero.
<to be read again> 
                   (
l.328 DBSCAN (ε=0.03) & 55 & 1
                              3.5\% & 1,629 & 0.326 \\
A number should have been here; I inserted `0'.
(If you can't figure out why I needed to see a number,
look up `weird error' in the index to The TeXbook.)

! Illegal unit of measure (pt inserted).
<to be read again> 
                   (
l.328 DBSCAN (ε=0.03) & 55 & 1
                              3.5\% & 1,629 & 0.326 \\
Dimensions can be in units of em, ex, in, pt, pc,
cm, mm, dd, cc, bp, or sp; but yours is a new one!
I'll assume that you meant to say pt, for printer's points.
To recover gracefully from this error, it's best to
delete the erroneous units; e.g., type `2' to delete
two letters. (See Chapter 27 of The TeXbook.)

! Undefined control sequence.
<argument> (\linewidth - 8\tabcolsep ) * \real 
                                               {0.2000}
l.328 DBSCAN (ε=0.03) & 55 & 1
                              3.5\% & 1,629 & 0.326 \\
The control sequence at the end of the top line
of your error message was never \def'ed. If you have
misspelled it (e.g., `\hobx'), type `I' and the correct
spelling (e.g., `I\hbox'). Otherwise just continue,
and I'll forget about whatever was undefined.


Overfull \hbox (7.02246pt too wide) in paragraph at lines 328--328
[]\TU/DejaVuSerif(0)/m/n/9 () 
 []


Overfull \hbox (4.5pt too wide) in paragraph at lines 328--328
\TU/DejaVuSerif(0)/m/n/9 * 
 []


Overfull \hbox (60.08203pt too wide) in paragraph at lines 328--328
\TU/DejaVuSerif(0)/m/n/9 0.200013.5%|  
 []

! Missing number, treated as zero.
<to be read again> 
                   (
l.328 DBSCAN (ε=0.03) & 55 & 13.5\% & 1
                                       ,629 & 0.326 \\
A number should have been here; I inserted `0'.
(If you can't figure out why I needed to see a number,
look up `weird error' in the index to The TeXbook.)

! Illegal unit of measure (pt inserted).
<to be read again> 
                   (
l.328 DBSCAN (ε=0.03) & 55 & 13.5\% & 1
                                       ,629 & 0.326 \\
Dimensions can be in units of em, ex, in, pt, pc,
cm, mm, dd, cc, bp, or sp; but yours is a new one!
I'll assume that you meant to say pt, for printer's points.
To recover gracefully from this error, it's best to
delete the erroneous units; e.g., type `2' to delete
two letters. (See Chapter 27 of The TeXbook.)

! Undefined control sequence.
<argument> (\linewidth - 8\tabcolsep ) * \real 
                                               {0.2000}
l.328 DBSCAN (ε=0.03) & 55 & 13.5\% & 1
                                       ,629 & 0.326 \\
The control sequence at the end of the top line
of your error message was never \def'ed. If you have
misspelled it (e.g., `\hobx'), type `I' and the correct
spelling (e.g., `I\hbox'). Otherwise just continue,
and I'll forget about whatever was undefined.


Overfull \hbox (7.02246pt too wide) in paragraph at lines 328--328
[]\TU/DejaVuSerif(0)/m/n/9 () 
 []


Overfull \hbox (4.5pt too wide) in paragraph at lines 328--328
\TU/DejaVuSerif(0)/m/n/9 * 
 []


Overfull \hbox (57.25635pt too wide) in paragraph at lines 328--328
\TU/DejaVuSerif(0)/m/n/9 0.20001,629|  
 []

! Missing number, treated as zero.
<to be read again> 
                   (
l.328 DBSCAN (ε=0.03) & 55 & 13.5\% & 1,629 & 0
                                               .326 \\
A number should have been here; I inserted `0'.
(If you can't figure out why I needed to see a number,
look up `weird error' in the index to The TeXbook.)

! Illegal unit of measure (pt inserted).
<to be read again> 
                   (
l.328 DBSCAN (ε=0.03) & 55 & 13.5\% & 1,629 & 0
                                               .326 \\
Dimensions can be in units of em, ex, in, pt, pc,
cm, mm, dd, cc, bp, or sp; but yours is a new one!
I'll assume that you meant to say pt, for printer's points.
To recover gracefully from this error, it's best to
delete the erroneous units; e.g., type `2' to delete
two letters. (See Chapter 27 of The TeXbook.)

! Undefined control sequence.
<argument> (\linewidth - 8\tabcolsep ) * \real 
                                               {0.2000}
l.328 DBSCAN (ε=0.03) & 55 & 13.5\% & 1,629 & 0
                                               .326 \\
The control sequence at the end of the top line
of your error message was never \def'ed. If you have
misspelled it (e.g., `\hobx'), type `I' and the correct
spelling (e.g., `I\hbox'). Otherwise just continue,
and I'll forget about whatever was undefined.


Overfull \hbox (7.02246pt too wide) in paragraph at lines 328--329
[]\TU/DejaVuSerif(0)/m/n/9 () 
 []


Overfull \hbox (4.5pt too wide) in paragraph at lines 328--329
\TU/DejaVuSerif(0)/m/n/9 * 
 []


Overfull \hbox (57.25635pt too wide) in paragraph at lines 328--329
\TU/DejaVuSerif(0)/m/n/9 0.20000.326|  
 []

! Missing number, treated as zero.
<to be read again> 
                   (
l.329 H
       DBSCAN & 40 & 21.5\% & 560 & \textbf{0.631} \\
A number should have been here; I inserted `0'.
(If you can't figure out why I needed to see a number,
look up `weird error' in the index to The TeXbook.)

! Illegal unit of measure (pt inserted).
<to be read again> 
                   (
l.329 H
       DBSCAN & 40 & 21.5\% & 560 & \textbf{0.631} \\
Dimensions can be in units of em, ex, in, pt, pc,
cm, mm, dd, cc, bp, or sp; but yours is a new one!
I'll assume that you meant to say pt, for printer's points.
To recover gracefully from this error, it's best to
delete the erroneous units; e.g., type `2' to delete
two letters. (See Chapter 27 of The TeXbook.)

! Undefined control sequence.
<argument> (\linewidth - 8\tabcolsep ) * \real 
                                               {0.2000}
l.329 H
       DBSCAN & 40 & 21.5\% & 560 & \textbf{0.631} \\
The control sequence at the end of the top line
of your error message was never \def'ed. If you have
misspelled it (e.g., `\hobx'), type `I' and the correct
spelling (e.g., `I\hbox'). Otherwise just continue,
and I'll forget about whatever was undefined.


Overfull \hbox (7.02246pt too wide) in paragraph at lines 329--329
[]\TU/DejaVuSerif(0)/m/n/9 () 
 []


Overfull \hbox (4.5pt too wide) in paragraph at lines 329--329
\TU/DejaVuSerif(0)/m/n/9 * 
 []


Overfull \hbox (56.37744pt too wide) in paragraph at lines 329--329
\TU/DejaVuSerif(0)/m/n/9 0.2000HDB- 
 []


Overfull \hbox (27.42627pt too wide) in paragraph at lines 329--329
\TU/DejaVuSerif(0)/m/n/9 SCAN|  
 []

! Missing number, treated as zero.
<to be read again> 
                   (
l.329 HDBSCAN & 4
                 0 & 21.5\% & 560 & \textbf{0.631} \\
A number should have been here; I inserted `0'.
(If you can't figure out why I needed to see a number,
look up `weird error' in the index to The TeXbook.)

! Illegal unit of measure (pt inserted).
<to be read again> 
                   (
l.329 HDBSCAN & 4
                 0 & 21.5\% & 560 & \textbf{0.631} \\
Dimensions can be in units of em, ex, in, pt, pc,
cm, mm, dd, cc, bp, or sp; but yours is a new one!
I'll assume that you meant to say pt, for printer's points.
To recover gracefully from this error, it's best to
delete the erroneous units; e.g., type `2' to delete
two letters. (See Chapter 27 of The TeXbook.)

! Undefined control sequence.
<argument> (\linewidth - 8\tabcolsep ) * \real 
                                               {0.2000}
l.329 HDBSCAN & 4
                 0 & 21.5\% & 560 & \textbf{0.631} \\
The control sequence at the end of the top line
of your error message was never \def'ed. If you have
misspelled it (e.g., `\hobx'), type `I' and the correct
spelling (e.g., `I\hbox'). Otherwise just continue,
and I'll forget about whatever was undefined.


Overfull \hbox (7.02246pt too wide) in paragraph at lines 329--329
[]\TU/DejaVuSerif(0)/m/n/9 () 
 []


Overfull \hbox (4.5pt too wide) in paragraph at lines 329--329
\TU/DejaVuSerif(0)/m/n/9 * 
 []


Overfull \hbox (42.94336pt too wide) in paragraph at lines 329--329
\TU/DejaVuSerif(0)/m/n/9 0.200040|  
 []

! Missing number, treated as zero.
<to be read again> 
                   (
l.329 HDBSCAN & 40 & 2
                      1.5\% & 560 & \textbf{0.631} \\
A number should have been here; I inserted `0'.
(If you can't figure out why I needed to see a number,
look up `weird error' in the index to The TeXbook.)

! Illegal unit of measure (pt inserted).
<to be read again> 
                   (
l.329 HDBSCAN & 40 & 2
                      1.5\% & 560 & \textbf{0.631} \\
Dimensions can be in units of em, ex, in, pt, pc,
cm, mm, dd, cc, bp, or sp; but yours is a new one!
I'll assume that you meant to say pt, for printer's points.
To recover gracefully from this error, it's best to
delete the erroneous units; e.g., type `2' to delete
two letters. (See Chapter 27 of The TeXbook.)

! Undefined control sequence.
<argument> (\linewidth - 8\tabcolsep ) * \real 
                                               {0.2000}
l.329 HDBSCAN & 40 & 2
                      1.5\% & 560 & \textbf{0.631} \\
The control sequence at the end of the top line
of your error message was never \def'ed. If you have
misspelled it (e.g., `\hobx'), type `I' and the correct
spelling (e.g., `I\hbox'). Otherwise just continue,
and I'll forget about whatever was undefined.


Overfull \hbox (7.02246pt too wide) in paragraph at lines 329--329
[]\TU/DejaVuSerif(0)/m/n/9 () 
 []


Overfull \hbox (4.5pt too wide) in paragraph at lines 329--329
\TU/DejaVuSerif(0)/m/n/9 * 
 []


Overfull \hbox (60.08203pt too wide) in paragraph at lines 329--329
\TU/DejaVuSerif(0)/m/n/9 0.200021.5%|  
 []

! Missing number, treated as zero.
<to be read again> 
                   (
l.329 HDBSCAN & 40 & 21.5\% & 5
                               60 & \textbf{0.631} \\
A number should have been here; I inserted `0'.
(If you can't figure out why I needed to see a number,
look up `weird error' in the index to The TeXbook.)

! Illegal unit of measure (pt inserted).
<to be read again> 
                   (
l.329 HDBSCAN & 40 & 21.5\% & 5
                               60 & \textbf{0.631} \\
Dimensions can be in units of em, ex, in, pt, pc,
cm, mm, dd, cc, bp, or sp; but yours is a new one!
I'll assume that you meant to say pt, for printer's points.
To recover gracefully from this error, it's best to
delete the erroneous units; e.g., type `2' to delete
two letters. (See Chapter 27 of The TeXbook.)

! Undefined control sequence.
<argument> (\linewidth - 8\tabcolsep ) * \real 
                                               {0.2000}
l.329 HDBSCAN & 40 & 21.5\% & 5
                               60 & \textbf{0.631} \\
The control sequence at the end of the top line
of your error message was never \def'ed. If you have
misspelled it (e.g., `\hobx'), type `I' and the correct
spelling (e.g., `I\hbox'). Otherwise just continue,
and I'll forget about whatever was undefined.


Overfull \hbox (7.02246pt too wide) in paragraph at lines 329--329
[]\TU/DejaVuSerif(0)/m/n/9 () 
 []


Overfull \hbox (4.5pt too wide) in paragraph at lines 329--329
\TU/DejaVuSerif(0)/m/n/9 * 
 []


Overfull \hbox (48.66943pt too wide) in paragraph at lines 329--329
\TU/DejaVuSerif(0)/m/n/9 0.2000560|  
 []

! Missing number, treated as zero.
<to be read again> 
                   (
l.329 HDBSCAN & 40 & 21.5\% & 560 & \textbf
                                           {0.631} \\
A number should have been here; I inserted `0'.
(If you can't figure out why I needed to see a number,
look up `weird error' in the index to The TeXbook.)

! Illegal unit of measure (pt inserted).
<to be read again> 
                   (
l.329 HDBSCAN & 40 & 21.5\% & 560 & \textbf
                                           {0.631} \\
Dimensions can be in units of em, ex, in, pt, pc,
cm, mm, dd, cc, bp, or sp; but yours is a new one!
I'll assume that you meant to say pt, for printer's points.
To recover gracefully from this error, it's best to
delete the erroneous units; e.g., type `2' to delete
two letters. (See Chapter 27 of The TeXbook.)

! Undefined control sequence.
<argument> (\linewidth - 8\tabcolsep ) * \real 
                                               {0.2000}
l.329 HDBSCAN & 40 & 21.5\% & 560 & \textbf
                                           {0.631} \\
The control sequence at the end of the top line
of your error message was never \def'ed. If you have
misspelled it (e.g., `\hobx'), type `I' and the correct
spelling (e.g., `I\hbox'). Otherwise just continue,
and I'll forget about whatever was undefined.


Overfull \hbox (7.02246pt too wide) in paragraph at lines 329--330
[]\TU/DejaVuSerif(0)/m/n/9 () 
 []


Overfull \hbox (4.5pt too wide) in paragraph at lines 329--330
\TU/DejaVuSerif(0)/m/n/9 * 
 []


Overfull \hbox (59.67334pt too wide) in paragraph at lines 329--330
\TU/DejaVuSerif(0)/m/n/9 0.2000\TU/DejaVuSerif(0)/b/n/9 0.631|  
 []


Underfull \hbox (badness 10000) in alignment at lines 327--330
[] [] [] [] []
 []


Package hyperref Warning: Counter 'none' or the representation '\theHnone`
(hyperref)                don't exist. No target created. on input line 330.



[22

]

[23]) (./sections/03_semi_supervised.tex

[24]

! LaTeX Error: No counter 'none' defined.

See the LaTeX manual or LaTeX Companion for explanation.
Type  H <return>  for immediate help.
 ...                                              
                                                  
l.69 \begin{longtable}[]{@{}llll@{}}
                                    
Your command was ignored.
Type  I <command> <return>  to replace it with another command,
or  <return>  to continue without it.


Underfull \hbox (badness 10000) in alignment at lines 69--73
[] [] [] []
 []


Underfull \hbox (badness 10000) in alignment at lines 73--75
[] [] [] []
 []


Underfull \hbox (badness 10000) in alignment at lines 75--80
[] [] [] []
 []


Package hyperref Warning: Counter 'none' or the representation '\theHnone`
(hyperref)                don't exist. No target created. on input line 80.



[25

]

[26]

[27]) (./sections/04_ensemble.tex

[28]

! LaTeX Error: No counter 'none' defined.

See the LaTeX manual or LaTeX Companion for explanation.
Type  H <return>  for immediate help.
 ...                                              
                                                  
l.63 \begin{longtable}[]{@{}ll@{}}
                                  
Your command was ignored.
Type  I <command> <return>  to replace it with another command,
or  <return>  to continue without it.


Underfull \hbox (badness 10000) in alignment at lines 63--67
[] []
 []


Underfull \hbox (badness 10000) in alignment at lines 67--69
[] []
 []


Underfull \hbox (badness 10000) in alignment at lines 69--74
[] []
 []


Package hyperref Warning: Counter 'none' or the representation '\theHnone`
(hyperref)                don't exist. No target created. on input line 74.



[29

]

[30]

[31]

! LaTeX Error: No counter 'none' defined.

See the LaTeX manual or LaTeX Companion for explanation.
Type  H <return>  for immediate help.
 ...                                              
                                                  
l.243 ...width - 2\tabcolsep) * \real{0.5000}}@{}}
                                                  
Your command was ignored.
Type  I <command> <return>  to replace it with another command,
or  <return>  to continue without it.

! Missing number, treated as zero.
<to be read again> 
                   (
l.245 \begin
            {minipage}[b]{\linewidth}\raggedright
A number should have been here; I inserted `0'.
(If you can't figure out why I needed to see a number,
look up `weird error' in the index to The TeXbook.)

! Illegal unit of measure (pt inserted).
<to be read again> 
                   (
l.245 \begin
            {minipage}[b]{\linewidth}\raggedright
Dimensions can be in units of em, ex, in, pt, pc,
cm, mm, dd, cc, bp, or sp; but yours is a new one!
I'll assume that you meant to say pt, for printer's points.
To recover gracefully from this error, it's best to
delete the erroneous units; e.g., type `2' to delete
two letters. (See Chapter 27 of The TeXbook.)

! Undefined control sequence.
<argument> (\linewidth - 2\tabcolsep ) * \real 
                                               {0.5000}
l.245 \begin
            {minipage}[b]{\linewidth}\raggedright
The control sequence at the end of the top line
of your error message was never \def'ed. If you have
misspelled it (e.g., `\hobx'), type `I' and the correct
spelling (e.g., `I\hbox'). Otherwise just continue,
and I'll forget about whatever was undefined.


Overfull \hbox (30.3794pt too wide) in paragraph at lines 246--247
[]\TU/DejaVuSerif(0)/m/n/9 Metric  
 []


Overfull \hbox (7.02246pt too wide) in paragraph at lines 245--247
[]\TU/DejaVuSerif(0)/m/n/9 () 
 []


Overfull \hbox (4.5pt too wide) in paragraph at lines 245--247
\TU/DejaVuSerif(0)/m/n/9 * 
 []


Overfull \hbox (31.49121pt too wide) in paragraph at lines 245--247
\TU/DejaVuSerif(0)/m/n/9 0.5000[]|  
 []

! Missing number, treated as zero.
<to be read again> 
                   (
l.247 \end{minipage} & \begin
                             {minipage}[b]{\linewidth}\raggedright
A number should have been here; I inserted `0'.
(If you can't figure out why I needed to see a number,
look up `weird error' in the index to The TeXbook.)

! Illegal unit of measure (pt inserted).
<to be read again> 
                   (
l.247 \end{minipage} & \begin
                             {minipage}[b]{\linewidth}\raggedright
Dimensions can be in units of em, ex, in, pt, pc,
cm, mm, dd, cc, bp, or sp; but yours is a new one!
I'll assume that you meant to say pt, for printer's points.
To recover gracefully from this error, it's best to
delete the erroneous units; e.g., type `2' to delete
two letters. (See Chapter 27 of The TeXbook.)

! Undefined control sequence.
<argument> (\linewidth - 2\tabcolsep ) * \real 
                                               {0.5000}
l.247 \end{minipage} & \begin
                             {minipage}[b]{\linewidth}\raggedright
The control sequence at the end of the top line
of your error message was never \def'ed. If you have
misspelled it (e.g., `\hobx'), type `I' and the correct
spelling (e.g., `I\hbox'). Otherwise just continue,
and I'll forget about whatever was undefined.


Overfull \hbox (25.04004pt too wide) in paragraph at lines 248--249
[]\TU/DejaVuSerif(0)/m/n/9 Value  
 []


Overfull \hbox (7.02246pt too wide) in paragraph at lines 247--250
[]\TU/DejaVuSerif(0)/m/n/9 () 
 []


Overfull \hbox (4.5pt too wide) in paragraph at lines 247--250
\TU/DejaVuSerif(0)/m/n/9 * 
 []


Overfull \hbox (31.49121pt too wide) in paragraph at lines 247--250
\TU/DejaVuSerif(0)/m/n/9 0.5000[]|  
 []


Underfull \hbox (badness 10000) in alignment at lines 243--251
[] []
 []


Underfull \hbox (badness 10000) in alignment at lines 251--253
[] []
 []

! Missing number, treated as zero.
<to be read again> 
                   (
l.254 A
       ccuracy & 0.7763 \\
A number should have been here; I inserted `0'.
(If you can't figure out why I needed to see a number,
look up `weird error' in the index to The TeXbook.)

! Illegal unit of measure (pt inserted).
<to be read again> 
                   (
l.254 A
       ccuracy & 0.7763 \\
Dimensions can be in units of em, ex, in, pt, pc,
cm, mm, dd, cc, bp, or sp; but yours is a new one!
I'll assume that you meant to say pt, for printer's points.
To recover gracefully from this error, it's best to
delete the erroneous units; e.g., type `2' to delete
two letters. (See Chapter 27 of The TeXbook.)

! Undefined control sequence.
<argument> (\linewidth - 2\tabcolsep ) * \real 
                                               {0.5000}
l.254 A
       ccuracy & 0.7763 \\
The control sequence at the end of the top line
of your error message was never \def'ed. If you have
misspelled it (e.g., `\hobx'), type `I' and the correct
spelling (e.g., `I\hbox'). Otherwise just continue,
and I'll forget about whatever was undefined.


Overfull \hbox (7.02246pt too wide) in paragraph at lines 254--254
[]\TU/DejaVuSerif(0)/m/n/9 () 
 []


Overfull \hbox (4.5pt too wide) in paragraph at lines 254--254
\TU/DejaVuSerif(0)/m/n/9 * 
 []


Overfull \hbox (46.07227pt too wide) in paragraph at lines 254--254
\TU/DejaVuSerif(0)/m/n/9 0.5000Ac- 
 []


Overfull \hbox (13.87793pt too wide) in paragraph at lines 254--254
\TU/DejaVuSerif(0)/m/n/9 cu- 
 []


Overfull \hbox (19.79297pt too wide) in paragraph at lines 254--254
\TU/DejaVuSerif(0)/m/n/9 racy|  
 []

! Missing number, treated as zero.
<to be read again> 
                   (
l.254 Accuracy & 0
                  .7763 \\
A number should have been here; I inserted `0'.
(If you can't figure out why I needed to see a number,
look up `weird error' in the index to The TeXbook.)

! Illegal unit of measure (pt inserted).
<to be read again> 
                   (
l.254 Accuracy & 0
                  .7763 \\
Dimensions can be in units of em, ex, in, pt, pc,
cm, mm, dd, cc, bp, or sp; but yours is a new one!
I'll assume that you meant to say pt, for printer's points.
To recover gracefully from this error, it's best to
delete the erroneous units; e.g., type `2' to delete
two letters. (See Chapter 27 of The TeXbook.)

! Undefined control sequence.
<argument> (\linewidth - 2\tabcolsep ) * \real 
                                               {0.5000}
l.254 Accuracy & 0
                  .7763 \\
The control sequence at the end of the top line
of your error message was never \def'ed. If you have
misspelled it (e.g., `\hobx'), type `I' and the correct
spelling (e.g., `I\hbox'). Otherwise just continue,
and I'll forget about whatever was undefined.


Overfull \hbox (7.02246pt too wide) in paragraph at lines 254--255
[]\TU/DejaVuSerif(0)/m/n/9 () 
 []


Overfull \hbox (4.5pt too wide) in paragraph at lines 254--255
\TU/DejaVuSerif(0)/m/n/9 * 
 []


Overfull \hbox (62.98242pt too wide) in paragraph at lines 254--255
\TU/DejaVuSerif(0)/m/n/9 0.50000.7763|  
 []

! Missing number, treated as zero.
<to be read again> 
                   (
l.255 P
       recision / Recall / F1 & 0.8046 (F1) \\
A number should have been here; I inserted `0'.
(If you can't figure out why I needed to see a number,
look up `weird error' in the index to The TeXbook.)

! Illegal unit of measure (pt inserted).
<to be read again> 
                   (
l.255 P
       recision / Recall / F1 & 0.8046 (F1) \\
Dimensions can be in units of em, ex, in, pt, pc,
cm, mm, dd, cc, bp, or sp; but yours is a new one!
I'll assume that you meant to say pt, for printer's points.
To recover gracefully from this error, it's best to
delete the erroneous units; e.g., type `2' to delete
two letters. (See Chapter 27 of The TeXbook.)

! Undefined control sequence.
<argument> (\linewidth - 2\tabcolsep ) * \real 
                                               {0.5000}
l.255 P
       recision / Recall / F1 & 0.8046 (F1) \\
The control sequence at the end of the top line
of your error message was never \def'ed. If you have
misspelled it (e.g., `\hobx'), type `I' and the correct
spelling (e.g., `I\hbox'). Otherwise just continue,
and I'll forget about whatever was undefined.


Overfull \hbox (7.02246pt too wide) in paragraph at lines 255--255
[]\TU/DejaVuSerif(0)/m/n/9 () 
 []


Overfull \hbox (4.5pt too wide) in paragraph at lines 255--255
\TU/DejaVuSerif(0)/m/n/9 * 
 []


Overfull \hbox (50.21631pt too wide) in paragraph at lines 255--255
\TU/DejaVuSerif(0)/m/n/9 0.5000Pre- 
 []


Overfull \hbox (10.95996pt too wide) in paragraph at lines 255--255
\TU/DejaVuSerif(0)/m/n/9 ci- 
 []


Overfull \hbox (18.71191pt too wide) in paragraph at lines 255--255
\TU/DejaVuSerif(0)/m/n/9 sion 
 []


Overfull \hbox (3.03223pt too wide) in paragraph at lines 255--255
\TU/DejaVuSerif(0)/m/n/9 / 
 []


Overfull \hbox (15.14355pt too wide) in paragraph at lines 255--255
\TU/DejaVuSerif(0)/m/n/9 Re- 
 []


Overfull \hbox (16.16309pt too wide) in paragraph at lines 255--255
\TU/DejaVuSerif(0)/m/n/9 call 
 []


Overfull \hbox (3.03223pt too wide) in paragraph at lines 255--255
\TU/DejaVuSerif(0)/m/n/9 / 
 []


Overfull \hbox (11.9707pt too wide) in paragraph at lines 255--255
\TU/DejaVuSerif(0)/m/n/9 F1|  
 []

! Missing number, treated as zero.
<to be read again> 
                   (
l.255 Precision / Recall / F1 & 0
                                 .8046 (F1) \\
A number should have been here; I inserted `0'.
(If you can't figure out why I needed to see a number,
look up `weird error' in the index to The TeXbook.)

! Illegal unit of measure (pt inserted).
<to be read again> 
                   (
l.255 Precision / Recall / F1 & 0
                                 .8046 (F1) \\
Dimensions can be in units of em, ex, in, pt, pc,
cm, mm, dd, cc, bp, or sp; but yours is a new one!
I'll assume that you meant to say pt, for printer's points.
To recover gracefully from this error, it's best to
delete the erroneous units; e.g., type `2' to delete
two letters. (See Chapter 27 of The TeXbook.)

! Undefined control sequence.
<argument> (\linewidth - 2\tabcolsep ) * \real 
                                               {0.5000}
l.255 Precision / Recall / F1 & 0
                                 .8046 (F1) \\
The control sequence at the end of the top line
of your error message was never \def'ed. If you have
misspelled it (e.g., `\hobx'), type `I' and the correct
spelling (e.g., `I\hbox'). Otherwise just continue,
and I'll forget about whatever was undefined.


Overfull \hbox (7.02246pt too wide) in paragraph at lines 255--256
[]\TU/DejaVuSerif(0)/m/n/9 () 
 []


Overfull \hbox (4.5pt too wide) in paragraph at lines 255--256
\TU/DejaVuSerif(0)/m/n/9 * 
 []


Overfull \hbox (62.98242pt too wide) in paragraph at lines 255--256
\TU/DejaVuSerif(0)/m/n/9 0.50000.8046 
 []


Overfull \hbox (18.99316pt too wide) in paragraph at lines 255--256
\TU/DejaVuSerif(0)/m/n/9 (F1)|  
 []

! Missing number, treated as zero.
<to be read again> 
                   (
l.256 R
       OC-AUC & 0.8704 \\
A number should have been here; I inserted `0'.
(If you can't figure out why I needed to see a number,
look up `weird error' in the index to The TeXbook.)

! Illegal unit of measure (pt inserted).
<to be read again> 
                   (
l.256 R
       OC-AUC & 0.8704 \\
Dimensions can be in units of em, ex, in, pt, pc,
cm, mm, dd, cc, bp, or sp; but yours is a new one!
I'll assume that you meant to say pt, for printer's points.
To recover gracefully from this error, it's best to
delete the erroneous units; e.g., type `2' to delete
two letters. (See Chapter 27 of The TeXbook.)

! Undefined control sequence.
<argument> (\linewidth - 2\tabcolsep ) * \real 
                                               {0.5000}
l.256 R
       OC-AUC & 0.8704 \\
The control sequence at the end of the top line
of your error message was never \def'ed. If you have
misspelled it (e.g., `\hobx'), type `I' and the correct
spelling (e.g., `I\hbox'). Otherwise just continue,
and I'll forget about whatever was undefined.


Overfull \hbox (7.02246pt too wide) in paragraph at lines 256--256
[]\TU/DejaVuSerif(0)/m/n/9 () 
 []


Overfull \hbox (4.5pt too wide) in paragraph at lines 256--256
\TU/DejaVuSerif(0)/m/n/9 * 
 []


Overfull \hbox (55.57324pt too wide) in paragraph at lines 256--256
\TU/DejaVuSerif(0)/m/n/9 0.5000ROC- 
 []


Overfull \hbox (20.9707pt too wide) in paragraph at lines 256--256
\TU/DejaVuSerif(0)/m/n/9 AUC|  
 []

! Missing number, treated as zero.
<to be read again> 
                   (
l.256 ROC-AUC & 0
                 .8704 \\
A number should have been here; I inserted `0'.
(If you can't figure out why I needed to see a number,
look up `weird error' in the index to The TeXbook.)

! Illegal unit of measure (pt inserted).
<to be read again> 
                   (
l.256 ROC-AUC & 0
                 .8704 \\
Dimensions can be in units of em, ex, in, pt, pc,
cm, mm, dd, cc, bp, or sp; but yours is a new one!
I'll assume that you meant to say pt, for printer's points.
To recover gracefully from this error, it's best to
delete the erroneous units; e.g., type `2' to delete
two letters. (See Chapter 27 of The TeXbook.)

! Undefined control sequence.
<argument> (\linewidth - 2\tabcolsep ) * \real 
                                               {0.5000}
l.256 ROC-AUC & 0
                 .8704 \\
The control sequence at the end of the top line
of your error message was never \def'ed. If you have
misspelled it (e.g., `\hobx'), type `I' and the correct
spelling (e.g., `I\hbox'). Otherwise just continue,
and I'll forget about whatever was undefined.


Overfull \hbox (7.02246pt too wide) in paragraph at lines 256--257
[]\TU/DejaVuSerif(0)/m/n/9 () 
 []


Overfull \hbox (4.5pt too wide) in paragraph at lines 256--257
\TU/DejaVuSerif(0)/m/n/9 * 
 []


Overfull \hbox (62.98242pt too wide) in paragraph at lines 256--257
\TU/DejaVuSerif(0)/m/n/9 0.50000.8704|  
 []

! Missing number, treated as zero.
<to be read again> 
                   (
l.257 C
       onfusion matrix (test, 76 samples) & TN/FP/FN/TP reported in
A number should have been here; I inserted `0'.
(If you can't figure out why I needed to see a number,
look up `weird error' in the index to The TeXbook.)

! Illegal unit of measure (pt inserted).
<to be read again> 
                   (
l.257 C
       onfusion matrix (test, 76 samples) & TN/FP/FN/TP reported in
Dimensions can be in units of em, ex, in, pt, pc,
cm, mm, dd, cc, bp, or sp; but yours is a new one!
I'll assume that you meant to say pt, for printer's points.
To recover gracefully from this error, it's best to
delete the erroneous units; e.g., type `2' to delete
two letters. (See Chapter 27 of The TeXbook.)

! Undefined control sequence.
<argument> (\linewidth - 2\tabcolsep ) * \real 
                                               {0.5000}
l.257 C
       onfusion matrix (test, 76 samples) & TN/FP/FN/TP reported in
The control sequence at the end of the top line
of your error message was never \def'ed. If you have
misspelled it (e.g., `\hobx'), type `I' and the correct
spelling (e.g., `I\hbox'). Otherwise just continue,
and I'll forget about whatever was undefined.


Overfull \hbox (7.02246pt too wide) in paragraph at lines 257--257
[]\TU/DejaVuSerif(0)/m/n/9 () 
 []


Overfull \hbox (4.5pt too wide) in paragraph at lines 257--257
\TU/DejaVuSerif(0)/m/n/9 * 
 []


Overfull \hbox (52.6333pt too wide) in paragraph at lines 257--257
\TU/DejaVuSerif(0)/m/n/9 0.5000Con- 
 []


Overfull \hbox (12.16846pt too wide) in paragraph at lines 257--257
\TU/DejaVuSerif(0)/m/n/9 fu- 
 []


Overfull \hbox (18.71191pt too wide) in paragraph at lines 257--257
\TU/DejaVuSerif(0)/m/n/9 sion 
 []


Overfull \hbox (16.94092pt too wide) in paragraph at lines 257--257
\TU/DejaVuSerif(0)/m/n/9 ma- 
 []


Overfull \hbox (15.87305pt too wide) in paragraph at lines 257--257
\TU/DejaVuSerif(0)/m/n/9 trix 
 []


Overfull \hbox (23.5503pt too wide) in paragraph at lines 257--257
\TU/DejaVuSerif(0)/m/n/9 (test, 
 []


Overfull \hbox (11.45215pt too wide) in paragraph at lines 257--257
\TU/DejaVuSerif(0)/m/n/9 76 
 []


Overfull \hbox (21.55957pt too wide) in paragraph at lines 257--257
\TU/DejaVuSerif(0)/m/n/9 sam- 
 []


Overfull \hbox (22.0957pt too wide) in paragraph at lines 257--257
\TU/DejaVuSerif(0)/m/n/9 ples)|  
 []

! Missing number, treated as zero.
<to be read again> 
                   (
l.257 Confusion matrix (test, 76 samples) & T
                                             N/FP/FN/TP reported in
A number should have been here; I inserted `0'.
(If you can't figure out why I needed to see a number,
look up `weird error' in the index to The TeXbook.)

! Illegal unit of measure (pt inserted).
<to be read again> 
                   (
l.257 Confusion matrix (test, 76 samples) & T
                                             N/FP/FN/TP reported in
Dimensions can be in units of em, ex, in, pt, pc,
cm, mm, dd, cc, bp, or sp; but yours is a new one!
I'll assume that you meant to say pt, for printer's points.
To recover gracefully from this error, it's best to
delete the erroneous units; e.g., type `2' to delete
two letters. (See Chapter 27 of The TeXbook.)

! Undefined control sequence.
<argument> (\linewidth - 2\tabcolsep ) * \real 
                                               {0.5000}
l.257 Confusion matrix (test, 76 samples) & T
                                             N/FP/FN/TP reported in
The control sequence at the end of the top line
of your error message was never \def'ed. If you have
misspelled it (e.g., `\hobx'), type `I' and the correct
spelling (e.g., `I\hbox'). Otherwise just continue,
and I'll forget about whatever was undefined.


Overfull \hbox (7.02246pt too wide) in paragraph at lines 257--259
[]\TU/DejaVuSerif(0)/m/n/9 () 
 []


Overfull \hbox (4.5pt too wide) in paragraph at lines 257--259
\TU/DejaVuSerif(0)/m/n/9 * 
 []


Overfull \hbox (57.28271pt too wide) in paragraph at lines 257--259
\TU/DejaVuSerif(0)/m/n/9 0.5000TN/F- 
 []


Overfull \hbox (38.29834pt too wide) in paragraph at lines 257--259
\TU/DejaVuSerif(0)/m/n/9 P/FN/TP 
 []


Overfull \hbox (12.66943pt too wide) in paragraph at lines 257--259
\TU/DejaVuSerif(0)/m/n/9 re- 
 []


Overfull \hbox (30.18604pt too wide) in paragraph at lines 257--259
\TU/DejaVuSerif(0)/m/n/9 ported 
 []


Overfull \hbox (8.6748pt too wide) in paragraph at lines 257--259
\TU/DejaVuSerif(0)/m/n/9 in 
 []


Overfull \hbox (23.19873pt too wide) in paragraph at lines 257--259
\TU/DejaVuSerif(0)/m/n/9 note- 
 []


Overfull \hbox (22.05176pt too wide) in paragraph at lines 257--259
\TU/DejaVuSerif(0)/m/n/9 book|  
 []


Underfull \hbox (badness 10000) in alignment at lines 253--259
[] []
 []


Package hyperref Warning: Counter 'none' or the representation '\theHnone`
(hyperref)                don't exist. No target created. on input line 259.

[32

]

[33]

[34]
Overfull \hbox (10.61664pt too wide) in paragraph at lines 404--407
[]\TU/DejaVuSerif(0)/m/n/10 Fit [][][][][][][][][][][][][][][][][][][][][][][][
][][][][][][][][][][][][][][][][][][][]
 []


! LaTeX Error: No counter 'none' defined.

See the LaTeX manual or LaTeX Companion for explanation.
Type  H <return>  for immediate help.
 ...                                              
                                                  
l.427 \begin{longtable}[]{@{}ll@{}}
                                   
Your command was ignored.
Type  I <command> <return>  to replace it with another command,
or  <return>  to continue without it.


Underfull \hbox (badness 10000) in alignment at lines 427--431
[] []
 []


Underfull \hbox (badness 10000) in alignment at lines 431--433
[] []
 []


Underfull \hbox (badness 10000) in alignment at lines 433--437
[] []
 []


Package hyperref Warning: Counter 'none' or the representation '\theHnone`
(hyperref)                don't exist. No target created. on input line 437.



[35

]

[36]

[37]

! LaTeX Error: No counter 'none' defined.

See the LaTeX manual or LaTeX Companion for explanation.
Type  H <return>  for immediate help.
 ...                                              
                                                  
l.621 \begin{longtable}[]{@{}ll@{}}
                                   
Your command was ignored.
Type  I <command> <return>  to replace it with another command,
or  <return>  to continue without it.


Underfull \hbox (badness 10000) in alignment at lines 621--625
[] []
 []


Underfull \hbox (badness 10000) in alignment at lines 625--627
[] []
 []


Underfull \hbox (badness 10000) in alignment at lines 627--631
[] []
 []


Package hyperref Warning: Counter 'none' or the representation '\theHnone`
(hyperref)                don't exist. No target created. on input line 631.



[38

]

[39]

[40]

! LaTeX Error: No counter 'none' defined.

See the LaTeX manual or LaTeX Companion for explanation.
Type  H <return>  for immediate help.
 ...                                              
                                                  
l.814 \begin{longtable}[]{@{}ll@{}}
                                   
Your command was ignored.
Type  I <command> <return>  to replace it with another command,
or  <return>  to continue without it.


Underfull \hbox (badness 10000) in alignment at lines 814--818
[] []
 []


Underfull \hbox (badness 10000) in alignment at lines 818--820
[] []
 []


Underfull \hbox (badness 10000) in alignment at lines 820--824
[] []
 []


Package hyperref Warning: Counter 'none' or the representation '\theHnone`
(hyperref)                don't exist. No target created. on input line 824.



[41

]

[42]) (./sections/05_mlp.tex

[43]
Overfull \hbox (10.70041pt too wide) in paragraph at lines 29--33
\TU/DejaVuSerif(0)/m/n/10 trained by backpropagation to minimize cross-entropy.
 BatchNorm stabilizes activations, Dropout
 []


Overfull \hbox (37.75671pt too wide) in paragraph at lines 56--60
\TU/DejaVuSerif(0)/m/n/10 “‘python mlp_sklearn = MLPClassifier(hidden_layer_siz
es=(128, 64), activation=‘relu’, solver=‘adam’,
 []

) (./sections/06_rnn.tex

[44

]) (./sections/07_som.tex

[45

]

! LaTeX Error: No counter 'none' defined.

See the LaTeX manual or LaTeX Companion for explanation.
Type  H <return>  for immediate help.
 ...                                              
                                                  
l.71 \begin{longtable}[]{@{}ll@{}}
                                  
Your command was ignored.
Type  I <command> <return>  to replace it with another command,
or  <return>  to continue without it.


Underfull \hbox (badness 10000) in alignment at lines 71--75
[] []
 []


Underfull \hbox (badness 10000) in alignment at lines 75--77
[] []
 []


Underfull \hbox (badness 10000) in alignment at lines 77--81
[] []
 []


Package hyperref Warning: Counter 'none' or the representation '\theHnone`
(hyperref)                don't exist. No target created. on input line 81.



[46

]

[47]) (./sections/08_hmm.tex

[48]

! LaTeX Error: No counter 'none' defined.

See the LaTeX manual or LaTeX Companion for explanation.
Type  H <return>  for immediate help.
 ...                                              
                                                  
l.76 ...ewidth - 2\tabcolsep) * \real{0.5000}}@{}}
                                                  
Your command was ignored.
Type  I <command> <return>  to replace it with another command,
or  <return>  to continue without it.

! Missing number, treated as zero.
<to be read again> 
                   (
l.78 \begin
           {minipage}[b]{\linewidth}\raggedright
A number should have been here; I inserted `0'.
(If you can't figure out why I needed to see a number,
look up `weird error' in the index to The TeXbook.)

! Illegal unit of measure (pt inserted).
<to be read again> 
                   (
l.78 \begin
           {minipage}[b]{\linewidth}\raggedright
Dimensions can be in units of em, ex, in, pt, pc,
cm, mm, dd, cc, bp, or sp; but yours is a new one!
I'll assume that you meant to say pt, for printer's points.
To recover gracefully from this error, it's best to
delete the erroneous units; e.g., type `2' to delete
two letters. (See Chapter 27 of The TeXbook.)

! Undefined control sequence.
<argument> (\linewidth - 2\tabcolsep ) * \real 
                                               {0.5000}
l.78 \begin
           {minipage}[b]{\linewidth}\raggedright
The control sequence at the end of the top line
of your error message was never \def'ed. If you have
misspelled it (e.g., `\hobx'), type `I' and the correct
spelling (e.g., `I\hbox'). Otherwise just continue,
and I'll forget about whatever was undefined.


Overfull \hbox (21.03223pt too wide) in paragraph at lines 79--80
[]\TU/DejaVuSerif(0)/m/n/9 Item  
 []


Overfull \hbox (7.02246pt too wide) in paragraph at lines 78--80
[]\TU/DejaVuSerif(0)/m/n/9 () 
 []


Overfull \hbox (4.5pt too wide) in paragraph at lines 78--80
\TU/DejaVuSerif(0)/m/n/9 * 
 []


Overfull \hbox (31.49121pt too wide) in paragraph at lines 78--80
\TU/DejaVuSerif(0)/m/n/9 0.5000[]|  
 []

! Missing number, treated as zero.
<to be read again> 
                   (
l.80 \end{minipage} & \begin
                            {minipage}[b]{\linewidth}\raggedright
A number should have been here; I inserted `0'.
(If you can't figure out why I needed to see a number,
look up `weird error' in the index to The TeXbook.)

! Illegal unit of measure (pt inserted).
<to be read again> 
                   (
l.80 \end{minipage} & \begin
                            {minipage}[b]{\linewidth}\raggedright
Dimensions can be in units of em, ex, in, pt, pc,
cm, mm, dd, cc, bp, or sp; but yours is a new one!
I'll assume that you meant to say pt, for printer's points.
To recover gracefully from this error, it's best to
delete the erroneous units; e.g., type `2' to delete
two letters. (See Chapter 27 of The TeXbook.)

! Undefined control sequence.
<argument> (\linewidth - 2\tabcolsep ) * \real 
                                               {0.5000}
l.80 \end{minipage} & \begin
                            {minipage}[b]{\linewidth}\raggedright
The control sequence at the end of the top line
of your error message was never \def'ed. If you have
misspelled it (e.g., `\hobx'), type `I' and the correct
spelling (e.g., `I\hbox'). Otherwise just continue,
and I'll forget about whatever was undefined.


Overfull \hbox (25.04004pt too wide) in paragraph at lines 81--82
[]\TU/DejaVuSerif(0)/m/n/9 Value  
 []


Overfull \hbox (7.02246pt too wide) in paragraph at lines 80--83
[]\TU/DejaVuSerif(0)/m/n/9 () 
 []


Overfull \hbox (4.5pt too wide) in paragraph at lines 80--83
\TU/DejaVuSerif(0)/m/n/9 * 
 []


Overfull \hbox (31.49121pt too wide) in paragraph at lines 80--83
\TU/DejaVuSerif(0)/m/n/9 0.5000[]|  
 []


Underfull \hbox (badness 10000) in alignment at lines 76--84
[] []
 []


Underfull \hbox (badness 10000) in alignment at lines 84--86
[] []
 []

! Missing number, treated as zero.
<to be read again> 
                   (
l.87 E
      M converged & True \\
A number should have been here; I inserted `0'.
(If you can't figure out why I needed to see a number,
look up `weird error' in the index to The TeXbook.)

! Illegal unit of measure (pt inserted).
<to be read again> 
                   (
l.87 E
      M converged & True \\
Dimensions can be in units of em, ex, in, pt, pc,
cm, mm, dd, cc, bp, or sp; but yours is a new one!
I'll assume that you meant to say pt, for printer's points.
To recover gracefully from this error, it's best to
delete the erroneous units; e.g., type `2' to delete
two letters. (See Chapter 27 of The TeXbook.)

! Undefined control sequence.
<argument> (\linewidth - 2\tabcolsep ) * \real 
                                               {0.5000}
l.87 E
      M converged & True \\
The control sequence at the end of the top line
of your error message was never \def'ed. If you have
misspelled it (e.g., `\hobx'), type `I' and the correct
spelling (e.g., `I\hbox'). Otherwise just continue,
and I'll forget about whatever was undefined.


Overfull \hbox (7.02246pt too wide) in paragraph at lines 87--87
[]\TU/DejaVuSerif(0)/m/n/9 () 
 []


Overfull \hbox (4.5pt too wide) in paragraph at lines 87--87
\TU/DejaVuSerif(0)/m/n/9 * 
 []


Overfull \hbox (47.27637pt too wide) in paragraph at lines 87--87
\TU/DejaVuSerif(0)/m/n/9 0.5000EM 
 []


Overfull \hbox (19.29639pt too wide) in paragraph at lines 87--87
\TU/DejaVuSerif(0)/m/n/9 con- 
 []


Overfull \hbox (31.56152pt too wide) in paragraph at lines 87--87
\TU/DejaVuSerif(0)/m/n/9 verged|  
 []

! Missing number, treated as zero.
<to be read again> 
                   (
l.87 EM converged & T
                     rue \\
A number should have been here; I inserted `0'.
(If you can't figure out why I needed to see a number,
look up `weird error' in the index to The TeXbook.)

! Illegal unit of measure (pt inserted).
<to be read again> 
                   (
l.87 EM converged & T
                     rue \\
Dimensions can be in units of em, ex, in, pt, pc,
cm, mm, dd, cc, bp, or sp; but yours is a new one!
I'll assume that you meant to say pt, for printer's points.
To recover gracefully from this error, it's best to
delete the erroneous units; e.g., type `2' to delete
two letters. (See Chapter 27 of The TeXbook.)

! Undefined control sequence.
<argument> (\linewidth - 2\tabcolsep ) * \real 
                                               {0.5000}
l.87 EM converged & T
                     rue \\
The control sequence at the end of the top line
of your error message was never \def'ed. If you have
misspelled it (e.g., `\hobx'), type `I' and the correct
spelling (e.g., `I\hbox'). Otherwise just continue,
and I'll forget about whatever was undefined.


Overfull \hbox (7.02246pt too wide) in paragraph at lines 87--88
[]\TU/DejaVuSerif(0)/m/n/9 () 
 []


Overfull \hbox (4.5pt too wide) in paragraph at lines 87--88
\TU/DejaVuSerif(0)/m/n/9 * 
 []


Overfull \hbox (52.91895pt too wide) in paragraph at lines 87--88
\TU/DejaVuSerif(0)/m/n/9 0.5000True|  
 []

! Missing number, treated as zero.
<to be read again> 
                   (
l.88 M
      odel log-likelihood & 6019.79 (1,859 days) \\
A number should have been here; I inserted `0'.
(If you can't figure out why I needed to see a number,
look up `weird error' in the index to The TeXbook.)

! Illegal unit of measure (pt inserted).
<to be read again> 
                   (
l.88 M
      odel log-likelihood & 6019.79 (1,859 days) \\
Dimensions can be in units of em, ex, in, pt, pc,
cm, mm, dd, cc, bp, or sp; but yours is a new one!
I'll assume that you meant to say pt, for printer's points.
To recover gracefully from this error, it's best to
delete the erroneous units; e.g., type `2' to delete
two letters. (See Chapter 27 of The TeXbook.)

! Undefined control sequence.
<argument> (\linewidth - 2\tabcolsep ) * \real 
                                               {0.5000}
l.88 M
      odel log-likelihood & 6019.79 (1,859 days) \\
The control sequence at the end of the top line
of your error message was never \def'ed. If you have
misspelled it (e.g., `\hobx'), type `I' and the correct
spelling (e.g., `I\hbox'). Otherwise just continue,
and I'll forget about whatever was undefined.


Overfull \hbox (7.02246pt too wide) in paragraph at lines 88--88
[]\TU/DejaVuSerif(0)/m/n/9 () 
 []


Overfull \hbox (4.5pt too wide) in paragraph at lines 88--88
\TU/DejaVuSerif(0)/m/n/9 * 
 []


Overfull \hbox (60.09082pt too wide) in paragraph at lines 88--88
\TU/DejaVuSerif(0)/m/n/9 0.5000Model 
 []


Overfull \hbox (17.09912pt too wide) in paragraph at lines 88--88
\TU/DejaVuSerif(0)/m/n/9 log- 
 []


Overfull \hbox (44.68799pt too wide) in paragraph at lines 88--88
\TU/DejaVuSerif(0)/m/n/9 likelihood|  
 []

! Missing number, treated as zero.
<to be read again> 
                   (
l.88 Model log-likelihood & 6
                             019.79 (1,859 days) \\
A number should have been here; I inserted `0'.
(If you can't figure out why I needed to see a number,
look up `weird error' in the index to The TeXbook.)

! Illegal unit of measure (pt inserted).
<to be read again> 
                   (
l.88 Model log-likelihood & 6
                             019.79 (1,859 days) \\
Dimensions can be in units of em, ex, in, pt, pc,
cm, mm, dd, cc, bp, or sp; but yours is a new one!
I'll assume that you meant to say pt, for printer's points.
To recover gracefully from this error, it's best to
delete the erroneous units; e.g., type `2' to delete
two letters. (See Chapter 27 of The TeXbook.)

! Undefined control sequence.
<argument> (\linewidth - 2\tabcolsep ) * \real 
                                               {0.5000}
l.88 Model log-likelihood & 6
                             019.79 (1,859 days) \\
The control sequence at the end of the top line
of your error message was never \def'ed. If you have
misspelled it (e.g., `\hobx'), type `I' and the correct
spelling (e.g., `I\hbox'). Otherwise just continue,
and I'll forget about whatever was undefined.


Overfull \hbox (7.02246pt too wide) in paragraph at lines 88--89
[]\TU/DejaVuSerif(0)/m/n/9 () 
 []


Overfull \hbox (4.5pt too wide) in paragraph at lines 88--89
\TU/DejaVuSerif(0)/m/n/9 * 
 []


Overfull \hbox (68.7085pt too wide) in paragraph at lines 88--89
\TU/DejaVuSerif(0)/m/n/9 0.50006019.79 
 []


Overfull \hbox (29.27637pt too wide) in paragraph at lines 88--89
\TU/DejaVuSerif(0)/m/n/9 (1,859 
 []


Overfull \hbox (24.34131pt too wide) in paragraph at lines 88--89
\TU/DejaVuSerif(0)/m/n/9 days)|  
 []

! Missing number, treated as zero.
<to be read again> 
                   (
l.89 R
      egimes & Bull (low vol), Sideways (medium), Bear (high vol) after
A number should have been here; I inserted `0'.
(If you can't figure out why I needed to see a number,
look up `weird error' in the index to The TeXbook.)

! Illegal unit of measure (pt inserted).
<to be read again> 
                   (
l.89 R
      egimes & Bull (low vol), Sideways (medium), Bear (high vol) after
Dimensions can be in units of em, ex, in, pt, pc,
cm, mm, dd, cc, bp, or sp; but yours is a new one!
I'll assume that you meant to say pt, for printer's points.
To recover gracefully from this error, it's best to
delete the erroneous units; e.g., type `2' to delete
two letters. (See Chapter 27 of The TeXbook.)

! Undefined control sequence.
<argument> (\linewidth - 2\tabcolsep ) * \real 
                                               {0.5000}
l.89 R
      egimes & Bull (low vol), Sideways (medium), Bear (high vol) after
The control sequence at the end of the top line
of your error message was never \def'ed. If you have
misspelled it (e.g., `\hobx'), type `I' and the correct
spelling (e.g., `I\hbox'). Otherwise just continue,
and I'll forget about whatever was undefined.


Overfull \hbox (7.02246pt too wide) in paragraph at lines 89--89
[]\TU/DejaVuSerif(0)/m/n/9 () 
 []


Overfull \hbox (4.5pt too wide) in paragraph at lines 89--89
\TU/DejaVuSerif(0)/m/n/9 * 
 []


Overfull \hbox (70.7124pt too wide) in paragraph at lines 89--89
\TU/DejaVuSerif(0)/m/n/9 0.5000Regimes|  
 []

! Missing number, treated as zero.
<to be read again> 
                   (
l.89 Regimes & B
                ull (low vol), Sideways (medium), Bear (high vol) after
A number should have been here; I inserted `0'.
(If you can't figure out why I needed to see a number,
look up `weird error' in the index to The TeXbook.)

! Illegal unit of measure (pt inserted).
<to be read again> 
                   (
l.89 Regimes & B
                ull (low vol), Sideways (medium), Bear (high vol) after
Dimensions can be in units of em, ex, in, pt, pc,
cm, mm, dd, cc, bp, or sp; but yours is a new one!
I'll assume that you meant to say pt, for printer's points.
To recover gracefully from this error, it's best to
delete the erroneous units; e.g., type `2' to delete
two letters. (See Chapter 27 of The TeXbook.)

! Undefined control sequence.
<argument> (\linewidth - 2\tabcolsep ) * \real 
                                               {0.5000}
l.89 Regimes & B
                ull (low vol), Sideways (medium), Bear (high vol) after
The control sequence at the end of the top line
of your error message was never \def'ed. If you have
misspelled it (e.g., `\hobx'), type `I' and the correct
spelling (e.g., `I\hbox'). Otherwise just continue,
and I'll forget about whatever was undefined.


Overfull \hbox (7.02246pt too wide) in paragraph at lines 89--91
[]\TU/DejaVuSerif(0)/m/n/9 () 
 []


Overfull \hbox (4.5pt too wide) in paragraph at lines 89--91
\TU/DejaVuSerif(0)/m/n/9 * 
 []


Overfull \hbox (49.6582pt too wide) in paragraph at lines 89--91
\TU/DejaVuSerif(0)/m/n/9 0.5000Bull 
 []


Overfull \hbox (19.51172pt too wide) in paragraph at lines 89--91
\TU/DejaVuSerif(0)/m/n/9 (low 
 []


Overfull \hbox (19.75342pt too wide) in paragraph at lines 89--91
\TU/DejaVuSerif(0)/m/n/9 vol), 
 []


Overfull \hbox (23.17236pt too wide) in paragraph at lines 89--91
\TU/DejaVuSerif(0)/m/n/9 Side- 
 []


Overfull \hbox (22.77246pt too wide) in paragraph at lines 89--91
\TU/DejaVuSerif(0)/m/n/9 ways 
 []


Overfull \hbox (46.71387pt too wide) in paragraph at lines 89--91
\TU/DejaVuSerif(0)/m/n/9 (medium), 
 []


Overfull \hbox (21.60791pt too wide) in paragraph at lines 89--91
\TU/DejaVuSerif(0)/m/n/9 Bear 
 []


Overfull \hbox (23.74365pt too wide) in paragraph at lines 89--91
\TU/DejaVuSerif(0)/m/n/9 (high 
 []


Overfull \hbox (16.89258pt too wide) in paragraph at lines 89--91
\TU/DejaVuSerif(0)/m/n/9 vol) 
 []


Overfull \hbox (11.41699pt too wide) in paragraph at lines 89--91
\TU/DejaVuSerif(0)/m/n/9 af- 
 []


Overfull \hbox (13.24512pt too wide) in paragraph at lines 89--91
\TU/DejaVuSerif(0)/m/n/9 ter 
 []


Overfull \hbox (20.99707pt too wide) in paragraph at lines 89--91
\TU/DejaVuSerif(0)/m/n/9 sort- 
 []


Overfull \hbox (14.43604pt too wide) in paragraph at lines 89--91
\TU/DejaVuSerif(0)/m/n/9 ing|  
 []


Underfull \hbox (badness 10000) in alignment at lines 86--91
[] []
 []


Package hyperref Warning: Counter 'none' or the representation '\theHnone`
(hyperref)                don't exist. No target created. on input line 91.

[49

]

[50]

[51]) (./sections/09_svm.tex

[52]

! LaTeX Error: No counter 'none' defined.

See the LaTeX manual or LaTeX Companion for explanation.
Type  H <return>  for immediate help.
 ...                                              
                                                  
l.73 \begin{longtable}[]{@{}lll@{}}
                                   
Your command was ignored.
Type  I <command> <return>  to replace it with another command,
or  <return>  to continue without it.


Underfull \hbox (badness 10000) in alignment at lines 73--77
[] [] []
 []


Underfull \hbox (badness 10000) in alignment at lines 77--79
[] [] []
 []


Underfull \hbox (badness 10000) in alignment at lines 79--85
[] [] []
 []


Package hyperref Warning: Counter 'none' or the representation '\theHnone`
(hyperref)                don't exist. No target created. on input line 85.


Overfull \hbox (2.51543pt too wide) in paragraph at lines 88--92
[]\TU/DejaVuSerif(0)/m/n/10 The 2D kernel figure shows the linear kernel underf
itting the real diagnostic data while poly/RBF
 []



[53

]

[54]

[55]) (./sections/10_llm.tex

[56]

! LaTeX Error: No counter 'none' defined.

See the LaTeX manual or LaTeX Companion for explanation.
Type  H <return>  for immediate help.
 ...                                              
                                                  
l.74 ...ewidth - 2\tabcolsep) * \real{0.5000}}@{}}
                                                  
Your command was ignored.
Type  I <command> <return>  to replace it with another command,
or  <return>  to continue without it.

! Missing number, treated as zero.
<to be read again> 
                   (
l.76 \begin
           {minipage}[b]{\linewidth}\raggedright
A number should have been here; I inserted `0'.
(If you can't figure out why I needed to see a number,
look up `weird error' in the index to The TeXbook.)

! Illegal unit of measure (pt inserted).
<to be read again> 
                   (
l.76 \begin
           {minipage}[b]{\linewidth}\raggedright
Dimensions can be in units of em, ex, in, pt, pc,
cm, mm, dd, cc, bp, or sp; but yours is a new one!
I'll assume that you meant to say pt, for printer's points.
To recover gracefully from this error, it's best to
delete the erroneous units; e.g., type `2' to delete
two letters. (See Chapter 27 of The TeXbook.)

! Undefined control sequence.
<argument> (\linewidth - 2\tabcolsep ) * \real 
                                               {0.5000}
l.76 \begin
           {minipage}[b]{\linewidth}\raggedright
The control sequence at the end of the top line
of your error message was never \def'ed. If you have
misspelled it (e.g., `\hobx'), type `I' and the correct
spelling (e.g., `I\hbox'). Otherwise just continue,
and I'll forget about whatever was undefined.


Overfull \hbox (21.03223pt too wide) in paragraph at lines 77--78
[]\TU/DejaVuSerif(0)/m/n/9 Item  
 []


Overfull \hbox (7.02246pt too wide) in paragraph at lines 76--78
[]\TU/DejaVuSerif(0)/m/n/9 () 
 []


Overfull \hbox (4.5pt too wide) in paragraph at lines 76--78
\TU/DejaVuSerif(0)/m/n/9 * 
 []


Overfull \hbox (31.49121pt too wide) in paragraph at lines 76--78
\TU/DejaVuSerif(0)/m/n/9 0.5000[]|  
 []

! Missing number, treated as zero.
<to be read again> 
                   (
l.78 \end{minipage} & \begin
                            {minipage}[b]{\linewidth}\raggedright
A number should have been here; I inserted `0'.
(If you can't figure out why I needed to see a number,
look up `weird error' in the index to The TeXbook.)

! Illegal unit of measure (pt inserted).
<to be read again> 
                   (
l.78 \end{minipage} & \begin
                            {minipage}[b]{\linewidth}\raggedright
Dimensions can be in units of em, ex, in, pt, pc,
cm, mm, dd, cc, bp, or sp; but yours is a new one!
I'll assume that you meant to say pt, for printer's points.
To recover gracefully from this error, it's best to
delete the erroneous units; e.g., type `2' to delete
two letters. (See Chapter 27 of The TeXbook.)

! Undefined control sequence.
<argument> (\linewidth - 2\tabcolsep ) * \real 
                                               {0.5000}
l.78 \end{minipage} & \begin
                            {minipage}[b]{\linewidth}\raggedright
The control sequence at the end of the top line
of your error message was never \def'ed. If you have
misspelled it (e.g., `\hobx'), type `I' and the correct
spelling (e.g., `I\hbox'). Otherwise just continue,
and I'll forget about whatever was undefined.


Overfull \hbox (25.04004pt too wide) in paragraph at lines 79--80
[]\TU/DejaVuSerif(0)/m/n/9 Value  
 []


Overfull \hbox (7.02246pt too wide) in paragraph at lines 78--81
[]\TU/DejaVuSerif(0)/m/n/9 () 
 []


Overfull \hbox (4.5pt too wide) in paragraph at lines 78--81
\TU/DejaVuSerif(0)/m/n/9 * 
 []


Overfull \hbox (31.49121pt too wide) in paragraph at lines 78--81
\TU/DejaVuSerif(0)/m/n/9 0.5000[]|  
 []


Underfull \hbox (badness 10000) in alignment at lines 74--82
[] []
 []


Underfull \hbox (badness 10000) in alignment at lines 82--84
[] []
 []

! Missing number, treated as zero.
<to be read again> 
                   (
l.85 F
      ine-tune loss & 0.705 → 0.079 (2 epochs) \\
A number should have been here; I inserted `0'.
(If you can't figure out why I needed to see a number,
look up `weird error' in the index to The TeXbook.)

! Illegal unit of measure (pt inserted).
<to be read again> 
                   (
l.85 F
      ine-tune loss & 0.705 → 0.079 (2 epochs) \\
Dimensions can be in units of em, ex, in, pt, pc,
cm, mm, dd, cc, bp, or sp; but yours is a new one!
I'll assume that you meant to say pt, for printer's points.
To recover gracefully from this error, it's best to
delete the erroneous units; e.g., type `2' to delete
two letters. (See Chapter 27 of The TeXbook.)

! Undefined control sequence.
<argument> (\linewidth - 2\tabcolsep ) * \real 
                                               {0.5000}
l.85 F
      ine-tune loss & 0.705 → 0.079 (2 epochs) \\
The control sequence at the end of the top line
of your error message was never \def'ed. If you have
misspelled it (e.g., `\hobx'), type `I' and the correct
spelling (e.g., `I\hbox'). Otherwise just continue,
and I'll forget about whatever was undefined.


Overfull \hbox (7.02246pt too wide) in paragraph at lines 85--85
[]\TU/DejaVuSerif(0)/m/n/9 () 
 []


Overfull \hbox (4.5pt too wide) in paragraph at lines 85--85
\TU/DejaVuSerif(0)/m/n/9 * 
 []


Overfull \hbox (54.77783pt too wide) in paragraph at lines 85--85
\TU/DejaVuSerif(0)/m/n/9 0.5000Fine- 
 []


Overfull \hbox (20.53564pt too wide) in paragraph at lines 85--85
\TU/DejaVuSerif(0)/m/n/9 tune 
 []


Overfull \hbox (17.53418pt too wide) in paragraph at lines 85--85
\TU/DejaVuSerif(0)/m/n/9 loss|  
 []

! Missing number, treated as zero.
<to be read again> 
                   (
l.85 Fine-tune loss & 0
                       .705 → 0.079 (2 epochs) \\
A number should have been here; I inserted `0'.
(If you can't figure out why I needed to see a number,
look up `weird error' in the index to The TeXbook.)

! Illegal unit of measure (pt inserted).
<to be read again> 
                   (
l.85 Fine-tune loss & 0
                       .705 → 0.079 (2 epochs) \\
Dimensions can be in units of em, ex, in, pt, pc,
cm, mm, dd, cc, bp, or sp; but yours is a new one!
I'll assume that you meant to say pt, for printer's points.
To recover gracefully from this error, it's best to
delete the erroneous units; e.g., type `2' to delete
two letters. (See Chapter 27 of The TeXbook.)

! Undefined control sequence.
<argument> (\linewidth - 2\tabcolsep ) * \real 
                                               {0.5000}
l.85 Fine-tune loss & 0
                       .705 → 0.079 (2 epochs) \\
The control sequence at the end of the top line
of your error message was never \def'ed. If you have
misspelled it (e.g., `\hobx'), type `I' and the correct
spelling (e.g., `I\hbox'). Otherwise just continue,
and I'll forget about whatever was undefined.


Overfull \hbox (7.02246pt too wide) in paragraph at lines 85--86
[]\TU/DejaVuSerif(0)/m/n/9 () 
 []


Overfull \hbox (4.5pt too wide) in paragraph at lines 85--86
\TU/DejaVuSerif(0)/m/n/9 * 
 []


Overfull \hbox (57.25635pt too wide) in paragraph at lines 85--86
\TU/DejaVuSerif(0)/m/n/9 0.50000.705 
 []


Overfull \hbox (7.54102pt too wide) in paragraph at lines 85--86
\TU/DejaVuSerif(0)/m/n/9 → 
 []


Overfull \hbox (25.76514pt too wide) in paragraph at lines 85--86
\TU/DejaVuSerif(0)/m/n/9 0.079 
 []


Overfull \hbox (9.2373pt too wide) in paragraph at lines 85--86
\TU/DejaVuSerif(0)/m/n/9 (2 
 []


Overfull \hbox (35.47266pt too wide) in paragraph at lines 85--86
\TU/DejaVuSerif(0)/m/n/9 epochs)|  
 []

! Missing number, treated as zero.
<to be read again> 
                   (
l.86 H
      eld-out accuracy & 0.9600 \\
A number should have been here; I inserted `0'.
(If you can't figure out why I needed to see a number,
look up `weird error' in the index to The TeXbook.)

! Illegal unit of measure (pt inserted).
<to be read again> 
                   (
l.86 H
      eld-out accuracy & 0.9600 \\
Dimensions can be in units of em, ex, in, pt, pc,
cm, mm, dd, cc, bp, or sp; but yours is a new one!
I'll assume that you meant to say pt, for printer's points.
To recover gracefully from this error, it's best to
delete the erroneous units; e.g., type `2' to delete
two letters. (See Chapter 27 of The TeXbook.)

! Undefined control sequence.
<argument> (\linewidth - 2\tabcolsep ) * \real 
                                               {0.5000}
l.86 H
      eld-out accuracy & 0.9600 \\
The control sequence at the end of the top line
of your error message was never \def'ed. If you have
misspelled it (e.g., `\hobx'), type `I' and the correct
spelling (e.g., `I\hbox'). Otherwise just continue,
and I'll forget about whatever was undefined.


Overfull \hbox (7.02246pt too wide) in paragraph at lines 86--86
[]\TU/DejaVuSerif(0)/m/n/9 () 
 []


Overfull \hbox (4.5pt too wide) in paragraph at lines 86--86
\TU/DejaVuSerif(0)/m/n/9 * 
 []


Overfull \hbox (56.34668pt too wide) in paragraph at lines 86--86
\TU/DejaVuSerif(0)/m/n/9 0.5000Held- 
 []


Overfull \hbox (14.83154pt too wide) in paragraph at lines 86--86
\TU/DejaVuSerif(0)/m/n/9 out 
 []


Overfull \hbox (13.44727pt too wide) in paragraph at lines 86--86
\TU/DejaVuSerif(0)/m/n/9 ac- 
 []


Overfull \hbox (13.87793pt too wide) in paragraph at lines 86--86
\TU/DejaVuSerif(0)/m/n/9 cu- 
 []


Overfull \hbox (19.79297pt too wide) in paragraph at lines 86--86
\TU/DejaVuSerif(0)/m/n/9 racy|  
 []

! Missing number, treated as zero.
<to be read again> 
                   (
l.86 Held-out accuracy & 0
                          .9600 \\
A number should have been here; I inserted `0'.
(If you can't figure out why I needed to see a number,
look up `weird error' in the index to The TeXbook.)

! Illegal unit of measure (pt inserted).
<to be read again> 
                   (
l.86 Held-out accuracy & 0
                          .9600 \\
Dimensions can be in units of em, ex, in, pt, pc,
cm, mm, dd, cc, bp, or sp; but yours is a new one!
I'll assume that you meant to say pt, for printer's points.
To recover gracefully from this error, it's best to
delete the erroneous units; e.g., type `2' to delete
two letters. (See Chapter 27 of The TeXbook.)

! Undefined control sequence.
<argument> (\linewidth - 2\tabcolsep ) * \real 
                                               {0.5000}
l.86 Held-out accuracy & 0
                          .9600 \\
The control sequence at the end of the top line
of your error message was never \def'ed. If you have
misspelled it (e.g., `\hobx'), type `I' and the correct
spelling (e.g., `I\hbox'). Otherwise just continue,
and I'll forget about whatever was undefined.


Overfull \hbox (7.02246pt too wide) in paragraph at lines 86--87
[]\TU/DejaVuSerif(0)/m/n/9 () 
 []


Overfull \hbox (4.5pt too wide) in paragraph at lines 86--87
\TU/DejaVuSerif(0)/m/n/9 * 
 []


Overfull \hbox (62.98242pt too wide) in paragraph at lines 86--87
\TU/DejaVuSerif(0)/m/n/9 0.50000.9600|  
 []

! Missing number, treated as zero.
<to be read again> 
                   (
l.87 H
      eld-out F1 (spam) & 0.9592 \\
A number should have been here; I inserted `0'.
(If you can't figure out why I needed to see a number,
look up `weird error' in the index to The TeXbook.)

! Illegal unit of measure (pt inserted).
<to be read again> 
                   (
l.87 H
      eld-out F1 (spam) & 0.9592 \\
Dimensions can be in units of em, ex, in, pt, pc,
cm, mm, dd, cc, bp, or sp; but yours is a new one!
I'll assume that you meant to say pt, for printer's points.
To recover gracefully from this error, it's best to
delete the erroneous units; e.g., type `2' to delete
two letters. (See Chapter 27 of The TeXbook.)

! Undefined control sequence.
<argument> (\linewidth - 2\tabcolsep ) * \real 
                                               {0.5000}
l.87 H
      eld-out F1 (spam) & 0.9592 \\
The control sequence at the end of the top line
of your error message was never \def'ed. If you have
misspelled it (e.g., `\hobx'), type `I' and the correct
spelling (e.g., `I\hbox'). Otherwise just continue,
and I'll forget about whatever was undefined.


Overfull \hbox (7.02246pt too wide) in paragraph at lines 87--87
[]\TU/DejaVuSerif(0)/m/n/9 () 
 []


Overfull \hbox (4.5pt too wide) in paragraph at lines 87--87
\TU/DejaVuSerif(0)/m/n/9 * 
 []


Overfull \hbox (56.34668pt too wide) in paragraph at lines 87--87
\TU/DejaVuSerif(0)/m/n/9 0.5000Held- 
 []


Overfull \hbox (14.83154pt too wide) in paragraph at lines 87--87
\TU/DejaVuSerif(0)/m/n/9 out 
 []


Overfull \hbox (11.9707pt too wide) in paragraph at lines 87--87
\TU/DejaVuSerif(0)/m/n/9 F1 
 []


Overfull \hbox (31.30225pt too wide) in paragraph at lines 87--87
\TU/DejaVuSerif(0)/m/n/9 (spam)|  
 []

! Missing number, treated as zero.
<to be read again> 
                   (
l.87 Held-out F1 (spam) & 0
                           .9592 \\
A number should have been here; I inserted `0'.
(If you can't figure out why I needed to see a number,
look up `weird error' in the index to The TeXbook.)

! Illegal unit of measure (pt inserted).
<to be read again> 
                   (
l.87 Held-out F1 (spam) & 0
                           .9592 \\
Dimensions can be in units of em, ex, in, pt, pc,
cm, mm, dd, cc, bp, or sp; but yours is a new one!
I'll assume that you meant to say pt, for printer's points.
To recover gracefully from this error, it's best to
delete the erroneous units; e.g., type `2' to delete
two letters. (See Chapter 27 of The TeXbook.)

! Undefined control sequence.
<argument> (\linewidth - 2\tabcolsep ) * \real 
                                               {0.5000}
l.87 Held-out F1 (spam) & 0
                           .9592 \\
The control sequence at the end of the top line
of your error message was never \def'ed. If you have
misspelled it (e.g., `\hobx'), type `I' and the correct
spelling (e.g., `I\hbox'). Otherwise just continue,
and I'll forget about whatever was undefined.


Overfull \hbox (7.02246pt too wide) in paragraph at lines 87--88
[]\TU/DejaVuSerif(0)/m/n/9 () 
 []


Overfull \hbox (4.5pt too wide) in paragraph at lines 87--88
\TU/DejaVuSerif(0)/m/n/9 * 
 []


Overfull \hbox (62.98242pt too wide) in paragraph at lines 87--88
\TU/DejaVuSerif(0)/m/n/9 0.50000.9592|  
 []

! Missing number, treated as zero.
<to be read again> 
                   (
l.88 E
      xamples & spam 99.4\%, ham 99.5\%, spam 89.7\% confidence (all
A number should have been here; I inserted `0'.
(If you can't figure out why I needed to see a number,
look up `weird error' in the index to The TeXbook.)

! Illegal unit of measure (pt inserted).
<to be read again> 
                   (
l.88 E
      xamples & spam 99.4\%, ham 99.5\%, spam 89.7\% confidence (all
Dimensions can be in units of em, ex, in, pt, pc,
cm, mm, dd, cc, bp, or sp; but yours is a new one!
I'll assume that you meant to say pt, for printer's points.
To recover gracefully from this error, it's best to
delete the erroneous units; e.g., type `2' to delete
two letters. (See Chapter 27 of The TeXbook.)

! Undefined control sequence.
<argument> (\linewidth - 2\tabcolsep ) * \real 
                                               {0.5000}
l.88 E
      xamples & spam 99.4\%, ham 99.5\%, spam 89.7\% confidence (all
The control sequence at the end of the top line
of your error message was never \def'ed. If you have
misspelled it (e.g., `\hobx'), type `I' and the correct
spelling (e.g., `I\hbox'). Otherwise just continue,
and I'll forget about whatever was undefined.


Overfull \hbox (7.02246pt too wide) in paragraph at lines 88--88
[]\TU/DejaVuSerif(0)/m/n/9 () 
 []


Overfull \hbox (4.5pt too wide) in paragraph at lines 88--88
\TU/DejaVuSerif(0)/m/n/9 * 
 []


Overfull \hbox (46.01953pt too wide) in paragraph at lines 88--88
\TU/DejaVuSerif(0)/m/n/9 0.5000Ex- 
 []


Overfull \hbox (16.94092pt too wide) in paragraph at lines 88--88
\TU/DejaVuSerif(0)/m/n/9 am- 
 []


Overfull \hbox (18.58447pt too wide) in paragraph at lines 88--88
\TU/DejaVuSerif(0)/m/n/9 ples|  
 []

! Missing number, treated as zero.
<to be read again> 
                   (
l.88 Examples & s
                 pam 99.4\%, ham 99.5\%, spam 89.7\% confidence (all
A number should have been here; I inserted `0'.
(If you can't figure out why I needed to see a number,
look up `weird error' in the index to The TeXbook.)

! Illegal unit of measure (pt inserted).
<to be read again> 
                   (
l.88 Examples & s
                 pam 99.4\%, ham 99.5\%, spam 89.7\% confidence (all
Dimensions can be in units of em, ex, in, pt, pc,
cm, mm, dd, cc, bp, or sp; but yours is a new one!
I'll assume that you meant to say pt, for printer's points.
To recover gracefully from this error, it's best to
delete the erroneous units; e.g., type `2' to delete
two letters. (See Chapter 27 of The TeXbook.)

! Undefined control sequence.
<argument> (\linewidth - 2\tabcolsep ) * \real 
                                               {0.5000}
l.88 Examples & s
                 pam 99.4\%, ham 99.5\%, spam 89.7\% confidence (all
The control sequence at the end of the top line
of your error message was never \def'ed. If you have
misspelled it (e.g., `\hobx'), type `I' and the correct
spelling (e.g., `I\hbox'). Otherwise just continue,
and I'll forget about whatever was undefined.


Overfull \hbox (7.02246pt too wide) in paragraph at lines 88--90
[]\TU/DejaVuSerif(0)/m/n/9 () 
 []


Overfull \hbox (4.5pt too wide) in paragraph at lines 88--90
\TU/DejaVuSerif(0)/m/n/9 * 
 []


Overfull \hbox (55.771pt too wide) in paragraph at lines 88--90
\TU/DejaVuSerif(0)/m/n/9 0.5000spam 
 []


Overfull \hbox (31.45166pt too wide) in paragraph at lines 88--90
\TU/DejaVuSerif(0)/m/n/9 99.4%, 
 []


Overfull \hbox (19.69629pt too wide) in paragraph at lines 88--90
\TU/DejaVuSerif(0)/m/n/9 ham 
 []


Overfull \hbox (31.45166pt too wide) in paragraph at lines 88--90
\TU/DejaVuSerif(0)/m/n/9 99.5%, 
 []


Overfull \hbox (24.27979pt too wide) in paragraph at lines 88--90
\TU/DejaVuSerif(0)/m/n/9 spam 
 []


Overfull \hbox (28.59082pt too wide) in paragraph at lines 88--90
\TU/DejaVuSerif(0)/m/n/9 89.7% 
 []


Overfull \hbox (19.29639pt too wide) in paragraph at lines 88--90
\TU/DejaVuSerif(0)/m/n/9 con- 
 []


Overfull \hbox (9.04395pt too wide) in paragraph at lines 88--90
\TU/DejaVuSerif(0)/m/n/9 fi- 
 []


Overfull \hbox (27.25049pt too wide) in paragraph at lines 88--90
\TU/DejaVuSerif(0)/m/n/9 dence 
 []


Overfull \hbox (14.63379pt too wide) in paragraph at lines 88--90
\TU/DejaVuSerif(0)/m/n/9 (all 
 []


Overfull \hbox (17.80225pt too wide) in paragraph at lines 88--90
\TU/DejaVuSerif(0)/m/n/9 cor- 
 []


Overfull \hbox (21.79688pt too wide) in paragraph at lines 88--90
\TU/DejaVuSerif(0)/m/n/9 rect)|  
 []


Underfull \hbox (badness 10000) in alignment at lines 84--90
[] []
 []


Package hyperref Warning: Counter 'none' or the representation '\theHnone`
(hyperref)                don't exist. No target created. on input line 90.

[57

]

[58]
Overfull \hbox (8.06648pt too wide) in paragraph at lines 179--180
[]\TU/DejaVuSerif(0)/b/n/10 Listing 18.2 — Load a pre-trained DistilBERT tokeni
zer (fast, subword/WordPiece based) 
 []



[59]

[60]

[61]) (./sections/11_grnn.tex

[62]
Overfull \hbox (37.2755pt too wide) in paragraph at lines 8--8
|\TU/DejaVuSerif(0)/b/n/14.4 Experiment 19: Generalized Regression Neural Netwo
rk (GRNN)| 
 []


! LaTeX Error: No counter 'none' defined.

See the LaTeX manual or LaTeX Companion for explanation.
Type  H <return>  for immediate help.
 ...                                              
                                                  
l.70 \begin{longtable}[]{@{}ll@{}}
                                  
Your command was ignored.
Type  I <command> <return>  to replace it with another command,
or  <return>  to continue without it.


Underfull \hbox (badness 10000) in alignment at lines 70--74
[] []
 []


Underfull \hbox (badness 10000) in alignment at lines 74--76
[] []
 []


Underfull \hbox (badness 10000) in alignment at lines 76--81
[] []
 []


Package hyperref Warning: Counter 'none' or the representation '\theHnone`
(hyperref)                don't exist. No target created. on input line 81.



[63

]
Overfull \hbox (47.76323pt too wide) in paragraph at lines 120--121
\TU/DejaVuSerif(0)/m/it/10 Full runnable program for this experiment, extracted
 from [][][][][][][]
 []



[64]

[65]) (./sections/12_mini_project_appendices.tex

[66]
Overfull \hbox (21.4341pt too wide) in paragraph at lines 8--8
|\TU/DejaVuSerif(0)/b/n/14.4 Integrated Mini Project: Comparative Machine Learn
ing Study| 
 []


! LaTeX Error: No counter 'none' defined.

See the LaTeX manual or LaTeX Companion for explanation.
Type  H <return>  for immediate help.
 ...                                              
                                                  
l.25 ...width - 10\tabcolsep) * \real{0.1667}}@{}}
                                                  
Your command was ignored.
Type  I <command> <return>  to replace it with another command,
or  <return>  to continue without it.

! Missing number, treated as zero.
<to be read again> 
                   (
l.27 \begin
           {minipage}[b]{\linewidth}\raggedright
A number should have been here; I inserted `0'.
(If you can't figure out why I needed to see a number,
look up `weird error' in the index to The TeXbook.)

! Illegal unit of measure (pt inserted).
<to be read again> 
                   (
l.27 \begin
           {minipage}[b]{\linewidth}\raggedright
Dimensions can be in units of em, ex, in, pt, pc,
cm, mm, dd, cc, bp, or sp; but yours is a new one!
I'll assume that you meant to say pt, for printer's points.
To recover gracefully from this error, it's best to
delete the erroneous units; e.g., type `2' to delete
two letters. (See Chapter 27 of The TeXbook.)

! Undefined control sequence.
<argument> (\linewidth - 10\tabcolsep ) * \real 
                                                {0.1667}
l.27 \begin
           {minipage}[b]{\linewidth}\raggedright
The control sequence at the end of the top line
of your error message was never \def'ed. If you have
misspelled it (e.g., `\hobx'), type `I' and the correct
spelling (e.g., `I\hbox'). Otherwise just continue,
and I'll forget about whatever was undefined.


Overfull \hbox (28.59961pt too wide) in paragraph at lines 28--29
[]\TU/DejaVuSerif(0)/m/n/9 Model  
 []


Overfull \hbox (7.02246pt too wide) in paragraph at lines 27--29
[]\TU/DejaVuSerif(0)/m/n/9 () 
 []


Overfull \hbox (4.5pt too wide) in paragraph at lines 27--29
\TU/DejaVuSerif(0)/m/n/9 * 
 []


Overfull \hbox (31.49121pt too wide) in paragraph at lines 27--29
\TU/DejaVuSerif(0)/m/n/9 0.1667[]|  
 []

! Missing number, treated as zero.
<to be read again> 
                   (
l.29 \end{minipage} & \begin
                            {minipage}[b]{\linewidth}\raggedright
A number should have been here; I inserted `0'.
(If you can't figure out why I needed to see a number,
look up `weird error' in the index to The TeXbook.)

! Illegal unit of measure (pt inserted).
<to be read again> 
                   (
l.29 \end{minipage} & \begin
                            {minipage}[b]{\linewidth}\raggedright
Dimensions can be in units of em, ex, in, pt, pc,
cm, mm, dd, cc, bp, or sp; but yours is a new one!
I'll assume that you meant to say pt, for printer's points.
To recover gracefully from this error, it's best to
delete the erroneous units; e.g., type `2' to delete
two letters. (See Chapter 27 of The TeXbook.)

! Undefined control sequence.
<argument> (\linewidth - 10\tabcolsep ) * \real 
                                                {0.1667}
l.29 \end{minipage} & \begin
                            {minipage}[b]{\linewidth}\raggedright
The control sequence at the end of the top line
of your error message was never \def'ed. If you have
misspelled it (e.g., `\hobx'), type `I' and the correct
spelling (e.g., `I\hbox'). Otherwise just continue,
and I'll forget about whatever was undefined.


Overfull \hbox (16.89258pt too wide) in paragraph at lines 30--31
[]\TU/DejaVuSerif(0)/m/n/9 Key 
 []


Overfull \hbox (15.97412pt too wide) in paragraph at lines 30--31
\TU/DejaVuSerif(0)/m/n/9 Hy- 
 []


Overfull \hbox (18.43066pt too wide) in paragraph at lines 30--31
\TU/DejaVuSerif(0)/m/n/9 per- 
 []


Overfull \hbox (14.16797pt too wide) in paragraph at lines 30--31
\TU/DejaVuSerif(0)/m/n/9 pa- 
 []


Overfull \hbox (21.24316pt too wide) in paragraph at lines 30--31
\TU/DejaVuSerif(0)/m/n/9 ram- 
 []


Overfull \hbox (8.36719pt too wide) in paragraph at lines 30--31
\TU/DejaVuSerif(0)/m/n/9 e- 
 []


Overfull \hbox (17.86377pt too wide) in paragraph at lines 30--31
\TU/DejaVuSerif(0)/m/n/9 ters  
 []


Overfull \hbox (7.02246pt too wide) in paragraph at lines 29--31
[]\TU/DejaVuSerif(0)/m/n/9 () 
 []


Overfull \hbox (4.5pt too wide) in paragraph at lines 29--31
\TU/DejaVuSerif(0)/m/n/9 * 
 []


Overfull \hbox (31.49121pt too wide) in paragraph at lines 29--31
\TU/DejaVuSerif(0)/m/n/9 0.1667[]|  
 []

! Missing number, treated as zero.
<to be read again> 
                   (
l.31 \end{minipage} & \begin
                            {minipage}[b]{\linewidth}\raggedright
A number should have been here; I inserted `0'.
(If you can't figure out why I needed to see a number,
look up `weird error' in the index to The TeXbook.)

! Illegal unit of measure (pt inserted).
<to be read again> 
                   (
l.31 \end{minipage} & \begin
                            {minipage}[b]{\linewidth}\raggedright
Dimensions can be in units of em, ex, in, pt, pc,
cm, mm, dd, cc, bp, or sp; but yours is a new one!
I'll assume that you meant to say pt, for printer's points.
To recover gracefully from this error, it's best to
delete the erroneous units; e.g., type `2' to delete
two letters. (See Chapter 27 of The TeXbook.)

! Undefined control sequence.
<argument> (\linewidth - 10\tabcolsep ) * \real 
                                                {0.1667}
l.31 \end{minipage} & \begin
                            {minipage}[b]{\linewidth}\raggedright
The control sequence at the end of the top line
of your error message was never \def'ed. If you have
misspelled it (e.g., `\hobx'), type `I' and the correct
spelling (e.g., `I\hbox'). Otherwise just continue,
and I'll forget about whatever was undefined.


Overfull \hbox (18.86572pt too wide) in paragraph at lines 32--33
[]\TU/DejaVuSerif(0)/m/n/9 Test 
 []


Overfull \hbox (14.58105pt too wide) in paragraph at lines 32--33
\TU/DejaVuSerif(0)/m/n/9 Ac- 
 []


Overfull \hbox (13.87793pt too wide) in paragraph at lines 32--33
\TU/DejaVuSerif(0)/m/n/9 cu- 
 []


Overfull \hbox (19.79297pt too wide) in paragraph at lines 32--33
\TU/DejaVuSerif(0)/m/n/9 racy  
 []


Overfull \hbox (7.02246pt too wide) in paragraph at lines 31--33
[]\TU/DejaVuSerif(0)/m/n/9 () 
 []


Overfull \hbox (4.5pt too wide) in paragraph at lines 31--33
\TU/DejaVuSerif(0)/m/n/9 * 
 []


Overfull \hbox (31.49121pt too wide) in paragraph at lines 31--33
\TU/DejaVuSerif(0)/m/n/9 0.1667[]|  
 []

! Missing number, treated as zero.
<to be read again> 
                   (
l.33 \end{minipage} & \begin
                            {minipage}[b]{\linewidth}\raggedright
A number should have been here; I inserted `0'.
(If you can't figure out why I needed to see a number,
look up `weird error' in the index to The TeXbook.)

! Illegal unit of measure (pt inserted).
<to be read again> 
                   (
l.33 \end{minipage} & \begin
                            {minipage}[b]{\linewidth}\raggedright
Dimensions can be in units of em, ex, in, pt, pc,
cm, mm, dd, cc, bp, or sp; but yours is a new one!
I'll assume that you meant to say pt, for printer's points.
To recover gracefully from this error, it's best to
delete the erroneous units; e.g., type `2' to delete
two letters. (See Chapter 27 of The TeXbook.)

! Undefined control sequence.
<argument> (\linewidth - 10\tabcolsep ) * \real 
                                                {0.1667}
l.33 \end{minipage} & \begin
                            {minipage}[b]{\linewidth}\raggedright
The control sequence at the end of the top line
of your error message was never \def'ed. If you have
misspelled it (e.g., `\hobx'), type `I' and the correct
spelling (e.g., `I\hbox'). Otherwise just continue,
and I'll forget about whatever was undefined.


Overfull \hbox (11.9707pt too wide) in paragraph at lines 34--35
[]\TU/DejaVuSerif(0)/m/n/9 F1  
 []


Overfull \hbox (7.02246pt too wide) in paragraph at lines 33--35
[]\TU/DejaVuSerif(0)/m/n/9 () 
 []


Overfull \hbox (4.5pt too wide) in paragraph at lines 33--35
\TU/DejaVuSerif(0)/m/n/9 * 
 []


Overfull \hbox (31.49121pt too wide) in paragraph at lines 33--35
\TU/DejaVuSerif(0)/m/n/9 0.1667[]|  
 []

! Missing number, treated as zero.
<to be read again> 
                   (
l.35 \end{minipage} & \begin
                            {minipage}[b]{\linewidth}\raggedright
A number should have been here; I inserted `0'.
(If you can't figure out why I needed to see a number,
look up `weird error' in the index to The TeXbook.)

! Illegal unit of measure (pt inserted).
<to be read again> 
                   (
l.35 \end{minipage} & \begin
                            {minipage}[b]{\linewidth}\raggedright
Dimensions can be in units of em, ex, in, pt, pc,
cm, mm, dd, cc, bp, or sp; but yours is a new one!
I'll assume that you meant to say pt, for printer's points.
To recover gracefully from this error, it's best to
delete the erroneous units; e.g., type `2' to delete
two letters. (See Chapter 27 of The TeXbook.)

! Undefined control sequence.
<argument> (\linewidth - 10\tabcolsep ) * \real 
                                                {0.1667}
l.35 \end{minipage} & \begin
                            {minipage}[b]{\linewidth}\raggedright
The control sequence at the end of the top line
of your error message was never \def'ed. If you have
misspelled it (e.g., `\hobx'), type `I' and the correct
spelling (e.g., `I\hbox'). Otherwise just continue,
and I'll forget about whatever was undefined.


Overfull \hbox (24.08203pt too wide) in paragraph at lines 36--37
[]\TU/DejaVuSerif(0)/m/n/9 ROC- 
 []


Overfull \hbox (20.9707pt too wide) in paragraph at lines 36--37
\TU/DejaVuSerif(0)/m/n/9 AUC  
 []


Overfull \hbox (7.02246pt too wide) in paragraph at lines 35--37
[]\TU/DejaVuSerif(0)/m/n/9 () 
 []


Overfull \hbox (4.5pt too wide) in paragraph at lines 35--37
\TU/DejaVuSerif(0)/m/n/9 * 
 []


Overfull \hbox (31.49121pt too wide) in paragraph at lines 35--37
\TU/DejaVuSerif(0)/m/n/9 0.1667[]|  
 []

! Missing number, treated as zero.
<to be read again> 
                   (
l.37 \end{minipage} & \begin
                            {minipage}[b]{\linewidth}\raggedright
A number should have been here; I inserted `0'.
(If you can't figure out why I needed to see a number,
look up `weird error' in the index to The TeXbook.)

! Illegal unit of measure (pt inserted).
<to be read again> 
                   (
l.37 \end{minipage} & \begin
                            {minipage}[b]{\linewidth}\raggedright
Dimensions can be in units of em, ex, in, pt, pc,
cm, mm, dd, cc, bp, or sp; but yours is a new one!
I'll assume that you meant to say pt, for printer's points.
To recover gracefully from this error, it's best to
delete the erroneous units; e.g., type `2' to delete
two letters. (See Chapter 27 of The TeXbook.)

! Undefined control sequence.
<argument> (\linewidth - 10\tabcolsep ) * \real 
                                                {0.1667}
l.37 \end{minipage} & \begin
                            {minipage}[b]{\linewidth}\raggedright
The control sequence at the end of the top line
of your error message was never \def'ed. If you have
misspelled it (e.g., `\hobx'), type `I' and the correct
spelling (e.g., `I\hbox'). Otherwise just continue,
and I'll forget about whatever was undefined.


Overfull \hbox (55.54688pt too wide) in paragraph at lines 38--39
[]\TU/DejaVuSerif(0)/m/n/9 Observation  
 []


Overfull \hbox (7.02246pt too wide) in paragraph at lines 37--40
[]\TU/DejaVuSerif(0)/m/n/9 () 
 []


Overfull \hbox (4.5pt too wide) in paragraph at lines 37--40
\TU/DejaVuSerif(0)/m/n/9 * 
 []


Overfull \hbox (31.49121pt too wide) in paragraph at lines 37--40
\TU/DejaVuSerif(0)/m/n/9 0.1667[]|  
 []


Underfull \hbox (badness 10000) in alignment at lines 25--41
[] [] [] [] [] []
 []


Underfull \hbox (badness 10000) in alignment at lines 41--43
[] [] [] [] [] []
 []

! Missing number, treated as zero.
<to be read again> 
                   (
l.44 B
      aseline (majority class) & --- & \textasciitilde0.55 & --- & 0.50 &
A number should have been here; I inserted `0'.
(If you can't figure out why I needed to see a number,
look up `weird error' in the index to The TeXbook.)

! Illegal unit of measure (pt inserted).
<to be read again> 
                   (
l.44 B
      aseline (majority class) & --- & \textasciitilde0.55 & --- & 0.50 &
Dimensions can be in units of em, ex, in, pt, pc,
cm, mm, dd, cc, bp, or sp; but yours is a new one!
I'll assume that you meant to say pt, for printer's points.
To recover gracefully from this error, it's best to
delete the erroneous units; e.g., type `2' to delete
two letters. (See Chapter 27 of The TeXbook.)

! Undefined control sequence.
<argument> (\linewidth - 10\tabcolsep ) * \real 
                                                {0.1667}
l.44 B
      aseline (majority class) & --- & \textasciitilde0.55 & --- & 0.50 &
The control sequence at the end of the top line
of your error message was never \def'ed. If you have
misspelled it (e.g., `\hobx'), type `I' and the correct
spelling (e.g., `I\hbox'). Otherwise just continue,
and I'll forget about whatever was undefined.


Overfull \hbox (7.02246pt too wide) in paragraph at lines 44--44
[]\TU/DejaVuSerif(0)/m/n/9 () 
 []


Overfull \hbox (4.5pt too wide) in paragraph at lines 44--44
\TU/DejaVuSerif(0)/m/n/9 * 
 []


Overfull \hbox (56.45654pt too wide) in paragraph at lines 44--44
\TU/DejaVuSerif(0)/m/n/9 0.1667Base- 
 []


Overfull \hbox (16.8794pt too wide) in paragraph at lines 44--44
\TU/DejaVuSerif(0)/m/n/9 line 
 []


Overfull \hbox (20.45215pt too wide) in paragraph at lines 44--44
\TU/DejaVuSerif(0)/m/n/9 (ma- 
 []


Overfull \hbox (15.55225pt too wide) in paragraph at lines 44--44
\TU/DejaVuSerif(0)/m/n/9 jor- 
 []


Overfull \hbox (11.57959pt too wide) in paragraph at lines 44--44
\TU/DejaVuSerif(0)/m/n/9 ity 
 []


Overfull \hbox (26.0332pt too wide) in paragraph at lines 44--44
\TU/DejaVuSerif(0)/m/n/9 class)|  
 []

! Missing number, treated as zero.
<to be read again> 
                   (
l.44 Baseline (majority class) & -
                                  -- & \textasciitilde0.55 & --- & 0.50 &
A number should have been here; I inserted `0'.
(If you can't figure out why I needed to see a number,
look up `weird error' in the index to The TeXbook.)

! Illegal unit of measure (pt inserted).
<to be read again> 
                   (
l.44 Baseline (majority class) & -
                                  -- & \textasciitilde0.55 & --- & 0.50 &
Dimensions can be in units of em, ex, in, pt, pc,
cm, mm, dd, cc, bp, or sp; but yours is a new one!
I'll assume that you meant to say pt, for printer's points.
To recover gracefully from this error, it's best to
delete the erroneous units; e.g., type `2' to delete
two letters. (See Chapter 27 of The TeXbook.)

! Undefined control sequence.
<argument> (\linewidth - 10\tabcolsep ) * \real 
                                                {0.1667}
l.44 Baseline (majority class) & -
                                  -- & \textasciitilde0.55 & --- & 0.50 &
The control sequence at the end of the top line
of your error message was never \def'ed. If you have
misspelled it (e.g., `\hobx'), type `I' and the correct
spelling (e.g., `I\hbox'). Otherwise just continue,
and I'll forget about whatever was undefined.


Overfull \hbox (7.02246pt too wide) in paragraph at lines 44--44
[]\TU/DejaVuSerif(0)/m/n/9 () 
 []


Overfull \hbox (4.5pt too wide) in paragraph at lines 44--44
\TU/DejaVuSerif(0)/m/n/9 * 
 []


Overfull \hbox (40.49121pt too wide) in paragraph at lines 44--44
\TU/DejaVuSerif(0)/m/n/9 0.1667— 
 []

! Missing number, treated as zero.
<to be read again> 
                   (
l.44 ...e (majority class) & --- & \textasciitilde
                                                  0.55 & --- & 0.50 &
A number should have been here; I inserted `0'.
(If you can't figure out why I needed to see a number,
look up `weird error' in the index to The TeXbook.)

! Illegal unit of measure (pt inserted).
<to be read again> 
                   (
l.44 ...e (majority class) & --- & \textasciitilde
                                                  0.55 & --- & 0.50 &
Dimensions can be in units of em, ex, in, pt, pc,
cm, mm, dd, cc, bp, or sp; but yours is a new one!
I'll assume that you meant to say pt, for printer's points.
To recover gracefully from this error, it's best to
delete the erroneous units; e.g., type `2' to delete
two letters. (See Chapter 27 of The TeXbook.)

! Undefined control sequence.
<argument> (\linewidth - 10\tabcolsep ) * \real 
                                                {0.1667}
l.44 ...e (majority class) & --- & \textasciitilde
                                                  0.55 & --- & 0.50 &
The control sequence at the end of the top line
of your error message was never \def'ed. If you have
misspelled it (e.g., `\hobx'), type `I' and the correct
spelling (e.g., `I\hbox'). Otherwise just continue,
and I'll forget about whatever was undefined.


Overfull \hbox (7.02246pt too wide) in paragraph at lines 44--44
[]\TU/DejaVuSerif(0)/m/n/9 () 
 []


Overfull \hbox (4.5pt too wide) in paragraph at lines 44--44
\TU/DejaVuSerif(0)/m/n/9 * 
 []


Overfull \hbox (59.07129pt too wide) in paragraph at lines 44--44
\TU/DejaVuSerif(0)/m/n/9 0.1667~0.55|  
 []

! Missing number, treated as zero.
<to be read again> 
                   (
l.44 ...ity class) & --- & \textasciitilde0.55 & -
                                                  -- & 0.50 &
A number should have been here; I inserted `0'.
(If you can't figure out why I needed to see a number,
look up `weird error' in the index to The TeXbook.)

! Illegal unit of measure (pt inserted).
<to be read again> 
                   (
l.44 ...ity class) & --- & \textasciitilde0.55 & -
                                                  -- & 0.50 &
Dimensions can be in units of em, ex, in, pt, pc,
cm, mm, dd, cc, bp, or sp; but yours is a new one!
I'll assume that you meant to say pt, for printer's points.
To recover gracefully from this error, it's best to
delete the erroneous units; e.g., type `2' to delete
two letters. (See Chapter 27 of The TeXbook.)

! Undefined control sequence.
<argument> (\linewidth - 10\tabcolsep ) * \real 
                                                {0.1667}
l.44 ...ity class) & --- & \textasciitilde0.55 & -
                                                  -- & 0.50 &
The control sequence at the end of the top line
of your error message was never \def'ed. If you have
misspelled it (e.g., `\hobx'), type `I' and the correct
spelling (e.g., `I\hbox'). Otherwise just continue,
and I'll forget about whatever was undefined.


Overfull \hbox (7.02246pt too wide) in paragraph at lines 44--44
[]\TU/DejaVuSerif(0)/m/n/9 () 
 []


Overfull \hbox (4.5pt too wide) in paragraph at lines 44--44
\TU/DejaVuSerif(0)/m/n/9 * 
 []


Overfull \hbox (40.49121pt too wide) in paragraph at lines 44--44
\TU/DejaVuSerif(0)/m/n/9 0.1667— 
 []

! Missing number, treated as zero.
<to be read again> 
                   (
l.44 ...ass) & --- & \textasciitilde0.55 & --- & 0
                                                  .50 &
A number should have been here; I inserted `0'.
(If you can't figure out why I needed to see a number,
look up `weird error' in the index to The TeXbook.)

! Illegal unit of measure (pt inserted).
<to be read again> 
                   (
l.44 ...ass) & --- & \textasciitilde0.55 & --- & 0
                                                  .50 &
Dimensions can be in units of em, ex, in, pt, pc,
cm, mm, dd, cc, bp, or sp; but yours is a new one!
I'll assume that you meant to say pt, for printer's points.
To recover gracefully from this error, it's best to
delete the erroneous units; e.g., type `2' to delete
two letters. (See Chapter 27 of The TeXbook.)

! Undefined control sequence.
<argument> (\linewidth - 10\tabcolsep ) * \real 
                                                {0.1667}
l.44 ...ass) & --- & \textasciitilde0.55 & --- & 0
                                                  .50 &
The control sequence at the end of the top line
of your error message was never \def'ed. If you have
misspelled it (e.g., `\hobx'), type `I' and the correct
spelling (e.g., `I\hbox'). Otherwise just continue,
and I'll forget about whatever was undefined.


Overfull \hbox (7.02246pt too wide) in paragraph at lines 44--44
[]\TU/DejaVuSerif(0)/m/n/9 () 
 []


Overfull \hbox (4.5pt too wide) in paragraph at lines 44--44
\TU/DejaVuSerif(0)/m/n/9 * 
 []


Overfull \hbox (51.53027pt too wide) in paragraph at lines 44--44
\TU/DejaVuSerif(0)/m/n/9 0.16670.50|  
 []

! Missing number, treated as zero.
<to be read again> 
                   (
l.45 n
      aive reference \\
A number should have been here; I inserted `0'.
(If you can't figure out why I needed to see a number,
look up `weird error' in the index to The TeXbook.)

! Illegal unit of measure (pt inserted).
<to be read again> 
                   (
l.45 n
      aive reference \\
Dimensions can be in units of em, ex, in, pt, pc,
cm, mm, dd, cc, bp, or sp; but yours is a new one!
I'll assume that you meant to say pt, for printer's points.
To recover gracefully from this error, it's best to
delete the erroneous units; e.g., type `2' to delete
two letters. (See Chapter 27 of The TeXbook.)

! Undefined control sequence.
<argument> (\linewidth - 10\tabcolsep ) * \real 
                                                {0.1667}
l.45 n
      aive reference \\
The control sequence at the end of the top line
of your error message was never \def'ed. If you have
misspelled it (e.g., `\hobx'), type `I' and the correct
spelling (e.g., `I\hbox'). Otherwise just continue,
and I'll forget about whatever was undefined.


Overfull \hbox (7.02246pt too wide) in paragraph at lines 45--46
[]\TU/DejaVuSerif(0)/m/n/9 () 
 []


Overfull \hbox (4.5pt too wide) in paragraph at lines 45--46
\TU/DejaVuSerif(0)/m/n/9 * 
 []


Overfull \hbox (55.94238pt too wide) in paragraph at lines 45--46
\TU/DejaVuSerif(0)/m/n/9 0.1667naive 
 []


Overfull \hbox (15.67969pt too wide) in paragraph at lines 45--46
\TU/DejaVuSerif(0)/m/n/9 ref- 
 []


Overfull \hbox (12.66943pt too wide) in paragraph at lines 45--46
\TU/DejaVuSerif(0)/m/n/9 er- 
 []


Overfull \hbox (21.48926pt too wide) in paragraph at lines 45--46
\TU/DejaVuSerif(0)/m/n/9 ence|  
 []

! Missing number, treated as zero.
<to be read again> 
                   (
l.46 R
      andom Forest (RFC) & 120 trees, depth 8 & 0.7763 & 0.8046 & 0.8704 &
A number should have been here; I inserted `0'.
(If you can't figure out why I needed to see a number,
look up `weird error' in the index to The TeXbook.)

! Illegal unit of measure (pt inserted).
<to be read again> 
                   (
l.46 R
      andom Forest (RFC) & 120 trees, depth 8 & 0.7763 & 0.8046 & 0.8704 &
Dimensions can be in units of em, ex, in, pt, pc,
cm, mm, dd, cc, bp, or sp; but yours is a new one!
I'll assume that you meant to say pt, for printer's points.
To recover gracefully from this error, it's best to
delete the erroneous units; e.g., type `2' to delete
two letters. (See Chapter 27 of The TeXbook.)

! Undefined control sequence.
<argument> (\linewidth - 10\tabcolsep ) * \real 
                                                {0.1667}
l.46 R
      andom Forest (RFC) & 120 trees, depth 8 & 0.7763 & 0.8046 & 0.8704 &
The control sequence at the end of the top line
of your error message was never \def'ed. If you have
misspelled it (e.g., `\hobx'), type `I' and the correct
spelling (e.g., `I\hbox'). Otherwise just continue,
and I'll forget about whatever was undefined.


Overfull \hbox (7.02246pt too wide) in paragraph at lines 46--46
[]\TU/DejaVuSerif(0)/m/n/9 () 
 []


Overfull \hbox (4.5pt too wide) in paragraph at lines 46--46
\TU/DejaVuSerif(0)/m/n/9 * 
 []


Overfull \hbox (52.67725pt too wide) in paragraph at lines 46--46
\TU/DejaVuSerif(0)/m/n/9 0.1667Ran- 
 []


Overfull \hbox (19.71387pt too wide) in paragraph at lines 46--46
\TU/DejaVuSerif(0)/m/n/9 dom 
 []


Overfull \hbox (18.51416pt too wide) in paragraph at lines 46--46
\TU/DejaVuSerif(0)/m/n/9 For- 
 []


Overfull \hbox (13.56152pt too wide) in paragraph at lines 46--46
\TU/DejaVuSerif(0)/m/n/9 est 
 []


Overfull \hbox (26.92969pt too wide) in paragraph at lines 46--46
\TU/DejaVuSerif(0)/m/n/9 (RFC)|  
 []

! Missing number, treated as zero.
<to be read again> 
                   (
l.46 Random Forest (RFC) & 1
                            20 trees, depth 8 & 0.7763 & 0.8046 & 0.8704 &
A number should have been here; I inserted `0'.
(If you can't figure out why I needed to see a number,
look up `weird error' in the index to The TeXbook.)

! Illegal unit of measure (pt inserted).
<to be read again> 
                   (
l.46 Random Forest (RFC) & 1
                            20 trees, depth 8 & 0.7763 & 0.8046 & 0.8704 &
Dimensions can be in units of em, ex, in, pt, pc,
cm, mm, dd, cc, bp, or sp; but yours is a new one!
I'll assume that you meant to say pt, for printer's points.
To recover gracefully from this error, it's best to
delete the erroneous units; e.g., type `2' to delete
two letters. (See Chapter 27 of The TeXbook.)

! Undefined control sequence.
<argument> (\linewidth - 10\tabcolsep ) * \real 
                                                {0.1667}
l.46 Random Forest (RFC) & 1
                            20 trees, depth 8 & 0.7763 & 0.8046 & 0.8704 &
The control sequence at the end of the top line
of your error message was never \def'ed. If you have
misspelled it (e.g., `\hobx'), type `I' and the correct
spelling (e.g., `I\hbox'). Otherwise just continue,
and I'll forget about whatever was undefined.


Overfull \hbox (7.02246pt too wide) in paragraph at lines 46--46
[]\TU/DejaVuSerif(0)/m/n/9 () 
 []


Overfull \hbox (4.5pt too wide) in paragraph at lines 46--46
\TU/DejaVuSerif(0)/m/n/9 * 
 []


Overfull \hbox (48.66943pt too wide) in paragraph at lines 46--46
\TU/DejaVuSerif(0)/m/n/9 0.1667120 
 []


Overfull \hbox (26.05078pt too wide) in paragraph at lines 46--46
\TU/DejaVuSerif(0)/m/n/9 trees, 
 []


Overfull \hbox (26.26172pt too wide) in paragraph at lines 46--46
\TU/DejaVuSerif(0)/m/n/9 depth 
 []


Overfull \hbox (5.72607pt too wide) in paragraph at lines 46--46
\TU/DejaVuSerif(0)/m/n/9 8|  
 []

! Missing number, treated as zero.
<to be read again> 
                   (
l.46 Random Forest (RFC) & 120 trees, depth 8 & 0
                                                 .7763 & 0.8046 & 0.8704 &
A number should have been here; I inserted `0'.
(If you can't figure out why I needed to see a number,
look up `weird error' in the index to The TeXbook.)

! Illegal unit of measure (pt inserted).
<to be read again> 
                   (
l.46 Random Forest (RFC) & 120 trees, depth 8 & 0
                                                 .7763 & 0.8046 & 0.8704 &
Dimensions can be in units of em, ex, in, pt, pc,
cm, mm, dd, cc, bp, or sp; but yours is a new one!
I'll assume that you meant to say pt, for printer's points.
To recover gracefully from this error, it's best to
delete the erroneous units; e.g., type `2' to delete
two letters. (See Chapter 27 of The TeXbook.)

! Undefined control sequence.
<argument> (\linewidth - 10\tabcolsep ) * \real 
                                                {0.1667}
l.46 Random Forest (RFC) & 120 trees, depth 8 & 0
                                                 .7763 & 0.8046 & 0.8704 &
The control sequence at the end of the top line
of your error message was never \def'ed. If you have
misspelled it (e.g., `\hobx'), type `I' and the correct
spelling (e.g., `I\hbox'). Otherwise just continue,
and I'll forget about whatever was undefined.


Overfull \hbox (7.02246pt too wide) in paragraph at lines 46--46
[]\TU/DejaVuSerif(0)/m/n/9 () 
 []


Overfull \hbox (4.5pt too wide) in paragraph at lines 46--46
\TU/DejaVuSerif(0)/m/n/9 * 
 []


Overfull \hbox (62.98242pt too wide) in paragraph at lines 46--46
\TU/DejaVuSerif(0)/m/n/9 0.16670.7763|  
 []

! Missing number, treated as zero.
<to be read again> 
                   (
l.46 ...st (RFC) & 120 trees, depth 8 & 0.7763 & 0
                                                  .8046 & 0.8704 &
A number should have been here; I inserted `0'.
(If you can't figure out why I needed to see a number,
look up `weird error' in the index to The TeXbook.)

! Illegal unit of measure (pt inserted).
<to be read again> 
                   (
l.46 ...st (RFC) & 120 trees, depth 8 & 0.7763 & 0
                                                  .8046 & 0.8704 &
Dimensions can be in units of em, ex, in, pt, pc,
cm, mm, dd, cc, bp, or sp; but yours is a new one!
I'll assume that you meant to say pt, for printer's points.
To recover gracefully from this error, it's best to
delete the erroneous units; e.g., type `2' to delete
two letters. (See Chapter 27 of The TeXbook.)

! Undefined control sequence.
<argument> (\linewidth - 10\tabcolsep ) * \real 
                                                {0.1667}
l.46 ...st (RFC) & 120 trees, depth 8 & 0.7763 & 0
                                                  .8046 & 0.8704 &
The control sequence at the end of the top line
of your error message was never \def'ed. If you have
misspelled it (e.g., `\hobx'), type `I' and the correct
spelling (e.g., `I\hbox'). Otherwise just continue,
and I'll forget about whatever was undefined.


Overfull \hbox (7.02246pt too wide) in paragraph at lines 46--46
[]\TU/DejaVuSerif(0)/m/n/9 () 
 []


Overfull \hbox (4.5pt too wide) in paragraph at lines 46--46
\TU/DejaVuSerif(0)/m/n/9 * 
 []


Overfull \hbox (62.98242pt too wide) in paragraph at lines 46--46
\TU/DejaVuSerif(0)/m/n/9 0.16670.8046|  
 []

! Missing number, treated as zero.
<to be read again> 
                   (
l.46 ...& 120 trees, depth 8 & 0.7763 & 0.8046 & 0
                                                  .8704 &
A number should have been here; I inserted `0'.
(If you can't figure out why I needed to see a number,
look up `weird error' in the index to The TeXbook.)

! Illegal unit of measure (pt inserted).
<to be read again> 
                   (
l.46 ...& 120 trees, depth 8 & 0.7763 & 0.8046 & 0
                                                  .8704 &
Dimensions can be in units of em, ex, in, pt, pc,
cm, mm, dd, cc, bp, or sp; but yours is a new one!
I'll assume that you meant to say pt, for printer's points.
To recover gracefully from this error, it's best to
delete the erroneous units; e.g., type `2' to delete
two letters. (See Chapter 27 of The TeXbook.)

! Undefined control sequence.
<argument> (\linewidth - 10\tabcolsep ) * \real 
                                                {0.1667}
l.46 ...& 120 trees, depth 8 & 0.7763 & 0.8046 & 0
                                                  .8704 &
The control sequence at the end of the top line
of your error message was never \def'ed. If you have
misspelled it (e.g., `\hobx'), type `I' and the correct
spelling (e.g., `I\hbox'). Otherwise just continue,
and I'll forget about whatever was undefined.


Overfull \hbox (7.02246pt too wide) in paragraph at lines 46--46
[]\TU/DejaVuSerif(0)/m/n/9 () 
 []


Overfull \hbox (4.5pt too wide) in paragraph at lines 46--46
\TU/DejaVuSerif(0)/m/n/9 * 
 []


Overfull \hbox (62.98242pt too wide) in paragraph at lines 46--46
\TU/DejaVuSerif(0)/m/n/9 0.16670.8704|  
 []

! Missing number, treated as zero.
<to be read again> 
                   (
l.47 r
      obust, minimal tuning \\
A number should have been here; I inserted `0'.
(If you can't figure out why I needed to see a number,
look up `weird error' in the index to The TeXbook.)

! Illegal unit of measure (pt inserted).
<to be read again> 
                   (
l.47 r
      obust, minimal tuning \\
Dimensions can be in units of em, ex, in, pt, pc,
cm, mm, dd, cc, bp, or sp; but yours is a new one!
I'll assume that you meant to say pt, for printer's points.
To recover gracefully from this error, it's best to
delete the erroneous units; e.g., type `2' to delete
two letters. (See Chapter 27 of The TeXbook.)

! Undefined control sequence.
<argument> (\linewidth - 10\tabcolsep ) * \real 
                                                {0.1667}
l.47 r
      obust, minimal tuning \\
The control sequence at the end of the top line
of your error message was never \def'ed. If you have
misspelled it (e.g., `\hobx'), type `I' and the correct
spelling (e.g., `I\hbox'). Otherwise just continue,
and I'll forget about whatever was undefined.


Overfull \hbox (7.02246pt too wide) in paragraph at lines 47--48
[]\TU/DejaVuSerif(0)/m/n/9 () 
 []


Overfull \hbox (4.5pt too wide) in paragraph at lines 47--48
\TU/DejaVuSerif(0)/m/n/9 * 
 []


Overfull \hbox (44.25293pt too wide) in paragraph at lines 47--48
\TU/DejaVuSerif(0)/m/n/9 0.1667ro- 
 []


Overfull \hbox (22.65381pt too wide) in paragraph at lines 47--48
\TU/DejaVuSerif(0)/m/n/9 bust, 
 []


Overfull \hbox (20.25pt too wide) in paragraph at lines 47--48
\TU/DejaVuSerif(0)/m/n/9 min- 
 []


Overfull \hbox (5.91943pt too wide) in paragraph at lines 47--48
\TU/DejaVuSerif(0)/m/n/9 i- 
 []


Overfull \hbox (16.77832pt too wide) in paragraph at lines 47--48
\TU/DejaVuSerif(0)/m/n/9 mal 
 []


Overfull \hbox (18.25049pt too wide) in paragraph at lines 47--48
\TU/DejaVuSerif(0)/m/n/9 tun- 
 []


Overfull \hbox (14.43604pt too wide) in paragraph at lines 47--48
\TU/DejaVuSerif(0)/m/n/9 ing|  
 []

! Missing number, treated as zero.
<to be read again> 
                   (
l.48 X
      GBoost & 120 trees, lr 0.08, depth 4 & 0.7763 & 0.8132 & 0.8509 &
A number should have been here; I inserted `0'.
(If you can't figure out why I needed to see a number,
look up `weird error' in the index to The TeXbook.)

! Illegal unit of measure (pt inserted).
<to be read again> 
                   (
l.48 X
      GBoost & 120 trees, lr 0.08, depth 4 & 0.7763 & 0.8132 & 0.8509 &
Dimensions can be in units of em, ex, in, pt, pc,
cm, mm, dd, cc, bp, or sp; but yours is a new one!
I'll assume that you meant to say pt, for printer's points.
To recover gracefully from this error, it's best to
delete the erroneous units; e.g., type `2' to delete
two letters. (See Chapter 27 of The TeXbook.)

! Undefined control sequence.
<argument> (\linewidth - 10\tabcolsep ) * \real 
                                                {0.1667}
l.48 X
      GBoost & 120 trees, lr 0.08, depth 4 & 0.7763 & 0.8132 & 0.8509 &
The control sequence at the end of the top line
of your error message was never \def'ed. If you have
misspelled it (e.g., `\hobx'), type `I' and the correct
spelling (e.g., `I\hbox'). Otherwise just continue,
and I'll forget about whatever was undefined.


Overfull \hbox (7.02246pt too wide) in paragraph at lines 48--48
[]\TU/DejaVuSerif(0)/m/n/9 () 
 []


Overfull \hbox (4.5pt too wide) in paragraph at lines 48--48
\TU/DejaVuSerif(0)/m/n/9 * 
 []


Overfull \hbox (48.2959pt too wide) in paragraph at lines 48--48
\TU/DejaVuSerif(0)/m/n/9 0.1667XG- 
 []


Overfull \hbox (25.68604pt too wide) in paragraph at lines 48--48
\TU/DejaVuSerif(0)/m/n/9 Boost|  
 []

! Missing number, treated as zero.
<to be read again> 
                   (
l.48 XGBoost & 1
                20 trees, lr 0.08, depth 4 & 0.7763 & 0.8132 & 0.8509 &
A number should have been here; I inserted `0'.
(If you can't figure out why I needed to see a number,
look up `weird error' in the index to The TeXbook.)

! Illegal unit of measure (pt inserted).
<to be read again> 
                   (
l.48 XGBoost & 1
                20 trees, lr 0.08, depth 4 & 0.7763 & 0.8132 & 0.8509 &
Dimensions can be in units of em, ex, in, pt, pc,
cm, mm, dd, cc, bp, or sp; but yours is a new one!
I'll assume that you meant to say pt, for printer's points.
To recover gracefully from this error, it's best to
delete the erroneous units; e.g., type `2' to delete
two letters. (See Chapter 27 of The TeXbook.)

! Undefined control sequence.
<argument> (\linewidth - 10\tabcolsep ) * \real 
                                                {0.1667}
l.48 XGBoost & 1
                20 trees, lr 0.08, depth 4 & 0.7763 & 0.8132 & 0.8509 &
The control sequence at the end of the top line
of your error message was never \def'ed. If you have
misspelled it (e.g., `\hobx'), type `I' and the correct
spelling (e.g., `I\hbox'). Otherwise just continue,
and I'll forget about whatever was undefined.


Overfull \hbox (7.02246pt too wide) in paragraph at lines 48--48
[]\TU/DejaVuSerif(0)/m/n/9 () 
 []


Overfull \hbox (4.5pt too wide) in paragraph at lines 48--48
\TU/DejaVuSerif(0)/m/n/9 * 
 []


Overfull \hbox (48.66943pt too wide) in paragraph at lines 48--48
\TU/DejaVuSerif(0)/m/n/9 0.1667120 
 []


Overfull \hbox (26.05078pt too wide) in paragraph at lines 48--48
\TU/DejaVuSerif(0)/m/n/9 trees, 
 []


Overfull \hbox (7.18066pt too wide) in paragraph at lines 48--48
\TU/DejaVuSerif(0)/m/n/9 lr 
 []


Overfull \hbox (22.8999pt too wide) in paragraph at lines 48--48
\TU/DejaVuSerif(0)/m/n/9 0.08, 
 []


Overfull \hbox (26.26172pt too wide) in paragraph at lines 48--48
\TU/DejaVuSerif(0)/m/n/9 depth 
 []


Overfull \hbox (5.72607pt too wide) in paragraph at lines 48--48
\TU/DejaVuSerif(0)/m/n/9 4|  
 []

! Missing number, treated as zero.
<to be read again> 
                   (
l.48 XGBoost & 120 trees, lr 0.08, depth 4 & 0
                                              .7763 & 0.8132 & 0.8509 &
A number should have been here; I inserted `0'.
(If you can't figure out why I needed to see a number,
look up `weird error' in the index to The TeXbook.)

! Illegal unit of measure (pt inserted).
<to be read again> 
                   (
l.48 XGBoost & 120 trees, lr 0.08, depth 4 & 0
                                              .7763 & 0.8132 & 0.8509 &
Dimensions can be in units of em, ex, in, pt, pc,
cm, mm, dd, cc, bp, or sp; but yours is a new one!
I'll assume that you meant to say pt, for printer's points.
To recover gracefully from this error, it's best to
delete the erroneous units; e.g., type `2' to delete
two letters. (See Chapter 27 of The TeXbook.)

! Undefined control sequence.
<argument> (\linewidth - 10\tabcolsep ) * \real 
                                                {0.1667}
l.48 XGBoost & 120 trees, lr 0.08, depth 4 & 0
                                              .7763 & 0.8132 & 0.8509 &
The control sequence at the end of the top line
of your error message was never \def'ed. If you have
misspelled it (e.g., `\hobx'), type `I' and the correct
spelling (e.g., `I\hbox'). Otherwise just continue,
and I'll forget about whatever was undefined.


Overfull \hbox (7.02246pt too wide) in paragraph at lines 48--48
[]\TU/DejaVuSerif(0)/m/n/9 () 
 []


Overfull \hbox (4.5pt too wide) in paragraph at lines 48--48
\TU/DejaVuSerif(0)/m/n/9 * 
 []


Overfull \hbox (62.98242pt too wide) in paragraph at lines 48--48
\TU/DejaVuSerif(0)/m/n/9 0.16670.7763|  
 []

! Missing number, treated as zero.
<to be read again> 
                   (
l.48 ...& 120 trees, lr 0.08, depth 4 & 0.7763 & 0
                                                  .8132 & 0.8509 &
A number should have been here; I inserted `0'.
(If you can't figure out why I needed to see a number,
look up `weird error' in the index to The TeXbook.)

! Illegal unit of measure (pt inserted).
<to be read again> 
                   (
l.48 ...& 120 trees, lr 0.08, depth 4 & 0.7763 & 0
                                                  .8132 & 0.8509 &
Dimensions can be in units of em, ex, in, pt, pc,
cm, mm, dd, cc, bp, or sp; but yours is a new one!
I'll assume that you meant to say pt, for printer's points.
To recover gracefully from this error, it's best to
delete the erroneous units; e.g., type `2' to delete
two letters. (See Chapter 27 of The TeXbook.)

! Undefined control sequence.
<argument> (\linewidth - 10\tabcolsep ) * \real 
                                                {0.1667}
l.48 ...& 120 trees, lr 0.08, depth 4 & 0.7763 & 0
                                                  .8132 & 0.8509 &
The control sequence at the end of the top line
of your error message was never \def'ed. If you have
misspelled it (e.g., `\hobx'), type `I' and the correct
spelling (e.g., `I\hbox'). Otherwise just continue,
and I'll forget about whatever was undefined.


Overfull \hbox (7.02246pt too wide) in paragraph at lines 48--48
[]\TU/DejaVuSerif(0)/m/n/9 () 
 []


Overfull \hbox (4.5pt too wide) in paragraph at lines 48--48
\TU/DejaVuSerif(0)/m/n/9 * 
 []


Overfull \hbox (62.98242pt too wide) in paragraph at lines 48--48
\TU/DejaVuSerif(0)/m/n/9 0.16670.8132|  
 []

! Missing number, treated as zero.
<to be read again> 
                   (
l.48 ...es, lr 0.08, depth 4 & 0.7763 & 0.8132 & 0
                                                  .8509 &
A number should have been here; I inserted `0'.
(If you can't figure out why I needed to see a number,
look up `weird error' in the index to The TeXbook.)

! Illegal unit of measure (pt inserted).
<to be read again> 
                   (
l.48 ...es, lr 0.08, depth 4 & 0.7763 & 0.8132 & 0
                                                  .8509 &
Dimensions can be in units of em, ex, in, pt, pc,
cm, mm, dd, cc, bp, or sp; but yours is a new one!
I'll assume that you meant to say pt, for printer's points.
To recover gracefully from this error, it's best to
delete the erroneous units; e.g., type `2' to delete
two letters. (See Chapter 27 of The TeXbook.)

! Undefined control sequence.
<argument> (\linewidth - 10\tabcolsep ) * \real 
                                                {0.1667}
l.48 ...es, lr 0.08, depth 4 & 0.7763 & 0.8132 & 0
                                                  .8509 &
The control sequence at the end of the top line
of your error message was never \def'ed. If you have
misspelled it (e.g., `\hobx'), type `I' and the correct
spelling (e.g., `I\hbox'). Otherwise just continue,
and I'll forget about whatever was undefined.


Overfull \hbox (7.02246pt too wide) in paragraph at lines 48--48
[]\TU/DejaVuSerif(0)/m/n/9 () 
 []


Overfull \hbox (4.5pt too wide) in paragraph at lines 48--48
\TU/DejaVuSerif(0)/m/n/9 * 
 []


Overfull \hbox (62.98242pt too wide) in paragraph at lines 48--48
\TU/DejaVuSerif(0)/m/n/9 0.16670.8509|  
 []

! Missing number, treated as zero.
<to be read again> 
                   (
l.49 s
      trong F1, needs tuning \\
A number should have been here; I inserted `0'.
(If you can't figure out why I needed to see a number,
look up `weird error' in the index to The TeXbook.)

! Illegal unit of measure (pt inserted).
<to be read again> 
                   (
l.49 s
      trong F1, needs tuning \\
Dimensions can be in units of em, ex, in, pt, pc,
cm, mm, dd, cc, bp, or sp; but yours is a new one!
I'll assume that you meant to say pt, for printer's points.
To recover gracefully from this error, it's best to
delete the erroneous units; e.g., type `2' to delete
two letters. (See Chapter 27 of The TeXbook.)

! Undefined control sequence.
<argument> (\linewidth - 10\tabcolsep ) * \real 
                                                {0.1667}
l.49 s
      trong F1, needs tuning \\
The control sequence at the end of the top line
of your error message was never \def'ed. If you have
misspelled it (e.g., `\hobx'), type `I' and the correct
spelling (e.g., `I\hbox'). Otherwise just continue,
and I'll forget about whatever was undefined.


Overfull \hbox (7.02246pt too wide) in paragraph at lines 49--50
[]\TU/DejaVuSerif(0)/m/n/9 () 
 []


Overfull \hbox (4.5pt too wide) in paragraph at lines 49--50
\TU/DejaVuSerif(0)/m/n/9 * 
 []


Overfull \hbox (61.00488pt too wide) in paragraph at lines 49--50
\TU/DejaVuSerif(0)/m/n/9 0.1667strong 
 []


Overfull \hbox (14.83154pt too wide) in paragraph at lines 49--50
\TU/DejaVuSerif(0)/m/n/9 F1, 
 []


Overfull \hbox (26.82861pt too wide) in paragraph at lines 49--50
\TU/DejaVuSerif(0)/m/n/9 needs 
 []


Overfull \hbox (18.25049pt too wide) in paragraph at lines 49--50
\TU/DejaVuSerif(0)/m/n/9 tun- 
 []


Overfull \hbox (14.43604pt too wide) in paragraph at lines 49--50
\TU/DejaVuSerif(0)/m/n/9 ing|  
 []

! Missing number, treated as zero.
<to be read again> 
                   (
l.50 A
      daBoost & 100 stumps, lr 0.1 & \textbf{0.7895} & \textbf{0.8182} &
A number should have been here; I inserted `0'.
(If you can't figure out why I needed to see a number,
look up `weird error' in the index to The TeXbook.)

! Illegal unit of measure (pt inserted).
<to be read again> 
                   (
l.50 A
      daBoost & 100 stumps, lr 0.1 & \textbf{0.7895} & \textbf{0.8182} &
Dimensions can be in units of em, ex, in, pt, pc,
cm, mm, dd, cc, bp, or sp; but yours is a new one!
I'll assume that you meant to say pt, for printer's points.
To recover gracefully from this error, it's best to
delete the erroneous units; e.g., type `2' to delete
two letters. (See Chapter 27 of The TeXbook.)

! Undefined control sequence.
<argument> (\linewidth - 10\tabcolsep ) * \real 
                                                {0.1667}
l.50 A
      daBoost & 100 stumps, lr 0.1 & \textbf{0.7895} & \textbf{0.8182} &
The control sequence at the end of the top line
of your error message was never \def'ed. If you have
misspelled it (e.g., `\hobx'), type `I' and the correct
spelling (e.g., `I\hbox'). Otherwise just continue,
and I'll forget about whatever was undefined.


Overfull \hbox (7.02246pt too wide) in paragraph at lines 50--50
[]\TU/DejaVuSerif(0)/m/n/9 () 
 []


Overfull \hbox (4.5pt too wide) in paragraph at lines 50--50
\TU/DejaVuSerif(0)/m/n/9 * 
 []


Overfull \hbox (46.79297pt too wide) in paragraph at lines 50--50
\TU/DejaVuSerif(0)/m/n/9 0.1667Ad- 
 []


Overfull \hbox (31.05176pt too wide) in paragraph at lines 50--50
\TU/DejaVuSerif(0)/m/n/9 aBoost|  
 []

! Missing number, treated as zero.
<to be read again> 
                   (
l.50 AdaBoost & 1
                 00 stumps, lr 0.1 & \textbf{0.7895} & \textbf{0.8182} &
A number should have been here; I inserted `0'.
(If you can't figure out why I needed to see a number,
look up `weird error' in the index to The TeXbook.)

! Illegal unit of measure (pt inserted).
<to be read again> 
                   (
l.50 AdaBoost & 1
                 00 stumps, lr 0.1 & \textbf{0.7895} & \textbf{0.8182} &
Dimensions can be in units of em, ex, in, pt, pc,
cm, mm, dd, cc, bp, or sp; but yours is a new one!
I'll assume that you meant to say pt, for printer's points.
To recover gracefully from this error, it's best to
delete the erroneous units; e.g., type `2' to delete
two letters. (See Chapter 27 of The TeXbook.)

! Undefined control sequence.
<argument> (\linewidth - 10\tabcolsep ) * \real 
                                                {0.1667}
l.50 AdaBoost & 1
                 00 stumps, lr 0.1 & \textbf{0.7895} & \textbf{0.8182} &
The control sequence at the end of the top line
of your error message was never \def'ed. If you have
misspelled it (e.g., `\hobx'), type `I' and the correct
spelling (e.g., `I\hbox'). Otherwise just continue,
and I'll forget about whatever was undefined.


Overfull \hbox (7.02246pt too wide) in paragraph at lines 50--50
[]\TU/DejaVuSerif(0)/m/n/9 () 
 []


Overfull \hbox (4.5pt too wide) in paragraph at lines 50--50
\TU/DejaVuSerif(0)/m/n/9 * 
 []


Overfull \hbox (48.66943pt too wide) in paragraph at lines 50--50
\TU/DejaVuSerif(0)/m/n/9 0.1667100 
 []


Overfull \hbox (35.80664pt too wide) in paragraph at lines 50--50
\TU/DejaVuSerif(0)/m/n/9 stumps, 
 []


Overfull \hbox (7.18066pt too wide) in paragraph at lines 50--50
\TU/DejaVuSerif(0)/m/n/9 lr 
 []


Overfull \hbox (14.31299pt too wide) in paragraph at lines 50--50
\TU/DejaVuSerif(0)/m/n/9 0.1|  
 []

! Missing number, treated as zero.
<to be read again> 
                   (
l.50 AdaBoost & 100 stumps, lr 0.1 & \textbf
                                            {0.7895} & \textbf{0.8182} &
A number should have been here; I inserted `0'.
(If you can't figure out why I needed to see a number,
look up `weird error' in the index to The TeXbook.)

! Illegal unit of measure (pt inserted).
<to be read again> 
                   (
l.50 AdaBoost & 100 stumps, lr 0.1 & \textbf
                                            {0.7895} & \textbf{0.8182} &
Dimensions can be in units of em, ex, in, pt, pc,
cm, mm, dd, cc, bp, or sp; but yours is a new one!
I'll assume that you meant to say pt, for printer's points.
To recover gracefully from this error, it's best to
delete the erroneous units; e.g., type `2' to delete
two letters. (See Chapter 27 of The TeXbook.)

! Undefined control sequence.
<argument> (\linewidth - 10\tabcolsep ) * \real 
                                                {0.1667}
l.50 AdaBoost & 100 stumps, lr 0.1 & \textbf
                                            {0.7895} & \textbf{0.8182} &
The control sequence at the end of the top line
of your error message was never \def'ed. If you have
misspelled it (e.g., `\hobx'), type `I' and the correct
spelling (e.g., `I\hbox'). Otherwise just continue,
and I'll forget about whatever was undefined.


Overfull \hbox (7.02246pt too wide) in paragraph at lines 50--50
[]\TU/DejaVuSerif(0)/m/n/9 () 
 []


Overfull \hbox (4.5pt too wide) in paragraph at lines 50--50
\TU/DejaVuSerif(0)/m/n/9 * 
 []


Overfull \hbox (65.93555pt too wide) in paragraph at lines 50--50
\TU/DejaVuSerif(0)/m/n/9 0.1667\TU/DejaVuSerif(0)/b/n/9 0.7895|  
 []

! Missing number, treated as zero.
<to be read again> 
                   (
l.50 ...stumps, lr 0.1 & \textbf{0.7895} & \textbf
                                                  {0.8182} &
A number should have been here; I inserted `0'.
(If you can't figure out why I needed to see a number,
look up `weird error' in the index to The TeXbook.)

! Illegal unit of measure (pt inserted).
<to be read again> 
                   (
l.50 ...stumps, lr 0.1 & \textbf{0.7895} & \textbf
                                                  {0.8182} &
Dimensions can be in units of em, ex, in, pt, pc,
cm, mm, dd, cc, bp, or sp; but yours is a new one!
I'll assume that you meant to say pt, for printer's points.
To recover gracefully from this error, it's best to
delete the erroneous units; e.g., type `2' to delete
two letters. (See Chapter 27 of The TeXbook.)

! Undefined control sequence.
<argument> (\linewidth - 10\tabcolsep ) * \real 
                                                {0.1667}
l.50 ...stumps, lr 0.1 & \textbf{0.7895} & \textbf
                                                  {0.8182} &
The control sequence at the end of the top line
of your error message was never \def'ed. If you have
misspelled it (e.g., `\hobx'), type `I' and the correct
spelling (e.g., `I\hbox'). Otherwise just continue,
and I'll forget about whatever was undefined.


Overfull \hbox (7.02246pt too wide) in paragraph at lines 50--50
[]\TU/DejaVuSerif(0)/m/n/9 () 
 []


Overfull \hbox (4.5pt too wide) in paragraph at lines 50--50
\TU/DejaVuSerif(0)/m/n/9 * 
 []


Overfull \hbox (65.93555pt too wide) in paragraph at lines 50--50
\TU/DejaVuSerif(0)/m/n/9 0.1667\TU/DejaVuSerif(0)/b/n/9 0.8182|  
 []

! Missing number, treated as zero.
<to be read again> 
                   (
l.51 \textbf
            {0.8714} & best on this small data \\
A number should have been here; I inserted `0'.
(If you can't figure out why I needed to see a number,
look up `weird error' in the index to The TeXbook.)

! Illegal unit of measure (pt inserted).
<to be read again> 
                   (
l.51 \textbf
            {0.8714} & best on this small data \\
Dimensions can be in units of em, ex, in, pt, pc,
cm, mm, dd, cc, bp, or sp; but yours is a new one!
I'll assume that you meant to say pt, for printer's points.
To recover gracefully from this error, it's best to
delete the erroneous units; e.g., type `2' to delete
two letters. (See Chapter 27 of The TeXbook.)

! Undefined control sequence.
<argument> (\linewidth - 10\tabcolsep ) * \real 
                                                {0.1667}
l.51 \textbf
            {0.8714} & best on this small data \\
The control sequence at the end of the top line
of your error message was never \def'ed. If you have
misspelled it (e.g., `\hobx'), type `I' and the correct
spelling (e.g., `I\hbox'). Otherwise just continue,
and I'll forget about whatever was undefined.


Overfull \hbox (7.02246pt too wide) in paragraph at lines 51--51
[]\TU/DejaVuSerif(0)/m/n/9 () 
 []


Overfull \hbox (4.5pt too wide) in paragraph at lines 51--51
\TU/DejaVuSerif(0)/m/n/9 * 
 []


Overfull \hbox (65.93555pt too wide) in paragraph at lines 51--51
\TU/DejaVuSerif(0)/m/n/9 0.1667\TU/DejaVuSerif(0)/b/n/9 0.8714|  
 []

! Missing number, treated as zero.
<to be read again> 
                   (
l.51 \textbf{0.8714} & b
                        est on this small data \\
A number should have been here; I inserted `0'.
(If you can't figure out why I needed to see a number,
look up `weird error' in the index to The TeXbook.)

! Illegal unit of measure (pt inserted).
<to be read again> 
                   (
l.51 \textbf{0.8714} & b
                        est on this small data \\
Dimensions can be in units of em, ex, in, pt, pc,
cm, mm, dd, cc, bp, or sp; but yours is a new one!
I'll assume that you meant to say pt, for printer's points.
To recover gracefully from this error, it's best to
delete the erroneous units; e.g., type `2' to delete
two letters. (See Chapter 27 of The TeXbook.)

! Undefined control sequence.
<argument> (\linewidth - 10\tabcolsep ) * \real 
                                                {0.1667}
l.51 \textbf{0.8714} & b
                        est on this small data \\
The control sequence at the end of the top line
of your error message was never \def'ed. If you have
misspelled it (e.g., `\hobx'), type `I' and the correct
spelling (e.g., `I\hbox'). Otherwise just continue,
and I'll forget about whatever was undefined.


Overfull \hbox (7.02246pt too wide) in paragraph at lines 51--52
[]\TU/DejaVuSerif(0)/m/n/9 () 
 []


Overfull \hbox (4.5pt too wide) in paragraph at lines 51--52
\TU/DejaVuSerif(0)/m/n/9 * 
 []


Overfull \hbox (50.81396pt too wide) in paragraph at lines 51--52
\TU/DejaVuSerif(0)/m/n/9 0.1667best 
 []


Overfull \hbox (11.21484pt too wide) in paragraph at lines 51--52
\TU/DejaVuSerif(0)/m/n/9 on 
 []


Overfull \hbox (16.91016pt too wide) in paragraph at lines 51--52
\TU/DejaVuSerif(0)/m/n/9 this 
 []


Overfull \hbox (24.27539pt too wide) in paragraph at lines 51--52
\TU/DejaVuSerif(0)/m/n/9 small 
 []


Overfull \hbox (20.10938pt too wide) in paragraph at lines 51--52
\TU/DejaVuSerif(0)/m/n/9 data|  
 []

! Missing number, treated as zero.
<to be read again> 
                   (
l.52 C
      atBoost & 150 iters, depth 5, native cats & 0.7632 & 0.7955 & 0.8551 &
A number should have been here; I inserted `0'.
(If you can't figure out why I needed to see a number,
look up `weird error' in the index to The TeXbook.)

! Illegal unit of measure (pt inserted).
<to be read again> 
                   (
l.52 C
      atBoost & 150 iters, depth 5, native cats & 0.7632 & 0.7955 & 0.8551 &
Dimensions can be in units of em, ex, in, pt, pc,
cm, mm, dd, cc, bp, or sp; but yours is a new one!
I'll assume that you meant to say pt, for printer's points.
To recover gracefully from this error, it's best to
delete the erroneous units; e.g., type `2' to delete
two letters. (See Chapter 27 of The TeXbook.)

! Undefined control sequence.
<argument> (\linewidth - 10\tabcolsep ) * \real 
                                                {0.1667}
l.52 C
      atBoost & 150 iters, depth 5, native cats & 0.7632 & 0.7955 & 0.8551 &
The control sequence at the end of the top line
of your error message was never \def'ed. If you have
misspelled it (e.g., `\hobx'), type `I' and the correct
spelling (e.g., `I\hbox'). Otherwise just continue,
and I'll forget about whatever was undefined.


Overfull \hbox (7.02246pt too wide) in paragraph at lines 52--52
[]\TU/DejaVuSerif(0)/m/n/9 () 
 []


Overfull \hbox (4.5pt too wide) in paragraph at lines 52--52
\TU/DejaVuSerif(0)/m/n/9 * 
 []


Overfull \hbox (50.40088pt too wide) in paragraph at lines 52--52
\TU/DejaVuSerif(0)/m/n/9 0.1667Cat- 
 []


Overfull \hbox (25.68604pt too wide) in paragraph at lines 52--52
\TU/DejaVuSerif(0)/m/n/9 Boost|  
 []

! Missing number, treated as zero.
<to be read again> 
                   (
l.52 CatBoost & 1
                 50 iters, depth 5, native cats & 0.7632 & 0.7955 & 0.8551 &
A number should have been here; I inserted `0'.
(If you can't figure out why I needed to see a number,
look up `weird error' in the index to The TeXbook.)

! Illegal unit of measure (pt inserted).
<to be read again> 
                   (
l.52 CatBoost & 1
                 50 iters, depth 5, native cats & 0.7632 & 0.7955 & 0.8551 &
Dimensions can be in units of em, ex, in, pt, pc,
cm, mm, dd, cc, bp, or sp; but yours is a new one!
I'll assume that you meant to say pt, for printer's points.
To recover gracefully from this error, it's best to
delete the erroneous units; e.g., type `2' to delete
two letters. (See Chapter 27 of The TeXbook.)

! Undefined control sequence.
<argument> (\linewidth - 10\tabcolsep ) * \real 
                                                {0.1667}
l.52 CatBoost & 1
                 50 iters, depth 5, native cats & 0.7632 & 0.7955 & 0.8551 &
The control sequence at the end of the top line
of your error message was never \def'ed. If you have
misspelled it (e.g., `\hobx'), type `I' and the correct
spelling (e.g., `I\hbox'). Otherwise just continue,
and I'll forget about whatever was undefined.


Overfull \hbox (7.02246pt too wide) in paragraph at lines 52--52
[]\TU/DejaVuSerif(0)/m/n/9 () 
 []


Overfull \hbox (4.5pt too wide) in paragraph at lines 52--52
\TU/DejaVuSerif(0)/m/n/9 * 
 []


Overfull \hbox (48.66943pt too wide) in paragraph at lines 52--52
\TU/DejaVuSerif(0)/m/n/9 0.1667150 
 []


Overfull \hbox (23.60303pt too wide) in paragraph at lines 52--52
\TU/DejaVuSerif(0)/m/n/9 iters, 
 []


Overfull \hbox (26.26172pt too wide) in paragraph at lines 52--52
\TU/DejaVuSerif(0)/m/n/9 depth 
 []


Overfull \hbox (8.58691pt too wide) in paragraph at lines 52--52
\TU/DejaVuSerif(0)/m/n/9 5, 
 []


Overfull \hbox (14.20313pt too wide) in paragraph at lines 52--52
\TU/DejaVuSerif(0)/m/n/9 na- 
 []


Overfull \hbox (16.90576pt too wide) in paragraph at lines 52--52
\TU/DejaVuSerif(0)/m/n/9 tive 
 []


Overfull \hbox (18.6416pt too wide) in paragraph at lines 52--52
\TU/DejaVuSerif(0)/m/n/9 cats|  
 []

! Missing number, treated as zero.
<to be read again> 
                   (
l.52 ...oost & 150 iters, depth 5, native cats & 0
                                                  .7632 & 0.7955 & 0.8551 &
A number should have been here; I inserted `0'.
(If you can't figure out why I needed to see a number,
look up `weird error' in the index to The TeXbook.)

! Illegal unit of measure (pt inserted).
<to be read again> 
                   (
l.52 ...oost & 150 iters, depth 5, native cats & 0
                                                  .7632 & 0.7955 & 0.8551 &
Dimensions can be in units of em, ex, in, pt, pc,
cm, mm, dd, cc, bp, or sp; but yours is a new one!
I'll assume that you meant to say pt, for printer's points.
To recover gracefully from this error, it's best to
delete the erroneous units; e.g., type `2' to delete
two letters. (See Chapter 27 of The TeXbook.)

! Undefined control sequence.
<argument> (\linewidth - 10\tabcolsep ) * \real 
                                                {0.1667}
l.52 ...oost & 150 iters, depth 5, native cats & 0
                                                  .7632 & 0.7955 & 0.8551 &
The control sequence at the end of the top line
of your error message was never \def'ed. If you have
misspelled it (e.g., `\hobx'), type `I' and the correct
spelling (e.g., `I\hbox'). Otherwise just continue,
and I'll forget about whatever was undefined.


Overfull \hbox (7.02246pt too wide) in paragraph at lines 52--52
[]\TU/DejaVuSerif(0)/m/n/9 () 
 []


Overfull \hbox (4.5pt too wide) in paragraph at lines 52--52
\TU/DejaVuSerif(0)/m/n/9 * 
 []


Overfull \hbox (62.98242pt too wide) in paragraph at lines 52--52
\TU/DejaVuSerif(0)/m/n/9 0.16670.7632|  
 []

! Missing number, treated as zero.
<to be read again> 
                   (
l.52 ...0 iters, depth 5, native cats & 0.7632 & 0
                                                  .7955 & 0.8551 &
A number should have been here; I inserted `0'.
(If you can't figure out why I needed to see a number,
look up `weird error' in the index to The TeXbook.)

! Illegal unit of measure (pt inserted).
<to be read again> 
                   (
l.52 ...0 iters, depth 5, native cats & 0.7632 & 0
                                                  .7955 & 0.8551 &
Dimensions can be in units of em, ex, in, pt, pc,
cm, mm, dd, cc, bp, or sp; but yours is a new one!
I'll assume that you meant to say pt, for printer's points.
To recover gracefully from this error, it's best to
delete the erroneous units; e.g., type `2' to delete
two letters. (See Chapter 27 of The TeXbook.)

! Undefined control sequence.
<argument> (\linewidth - 10\tabcolsep ) * \real 
                                                {0.1667}
l.52 ...0 iters, depth 5, native cats & 0.7632 & 0
                                                  .7955 & 0.8551 &
The control sequence at the end of the top line
of your error message was never \def'ed. If you have
misspelled it (e.g., `\hobx'), type `I' and the correct
spelling (e.g., `I\hbox'). Otherwise just continue,
and I'll forget about whatever was undefined.


Overfull \hbox (7.02246pt too wide) in paragraph at lines 52--52
[]\TU/DejaVuSerif(0)/m/n/9 () 
 []


Overfull \hbox (4.5pt too wide) in paragraph at lines 52--52
\TU/DejaVuSerif(0)/m/n/9 * 
 []


Overfull \hbox (62.98242pt too wide) in paragraph at lines 52--52
\TU/DejaVuSerif(0)/m/n/9 0.16670.7955|  
 []

! Missing number, treated as zero.
<to be read again> 
                   (
l.52 ...depth 5, native cats & 0.7632 & 0.7955 & 0
                                                  .8551 &
A number should have been here; I inserted `0'.
(If you can't figure out why I needed to see a number,
look up `weird error' in the index to The TeXbook.)

! Illegal unit of measure (pt inserted).
<to be read again> 
                   (
l.52 ...depth 5, native cats & 0.7632 & 0.7955 & 0
                                                  .8551 &
Dimensions can be in units of em, ex, in, pt, pc,
cm, mm, dd, cc, bp, or sp; but yours is a new one!
I'll assume that you meant to say pt, for printer's points.
To recover gracefully from this error, it's best to
delete the erroneous units; e.g., type `2' to delete
two letters. (See Chapter 27 of The TeXbook.)

! Undefined control sequence.
<argument> (\linewidth - 10\tabcolsep ) * \real 
                                                {0.1667}
l.52 ...depth 5, native cats & 0.7632 & 0.7955 & 0
                                                  .8551 &
The control sequence at the end of the top line
of your error message was never \def'ed. If you have
misspelled it (e.g., `\hobx'), type `I' and the correct
spelling (e.g., `I\hbox'). Otherwise just continue,
and I'll forget about whatever was undefined.


Overfull \hbox (7.02246pt too wide) in paragraph at lines 52--52
[]\TU/DejaVuSerif(0)/m/n/9 () 
 []


Overfull \hbox (4.5pt too wide) in paragraph at lines 52--52
\TU/DejaVuSerif(0)/m/n/9 * 
 []


Overfull \hbox (62.98242pt too wide) in paragraph at lines 52--52
\TU/DejaVuSerif(0)/m/n/9 0.16670.8551|  
 []

! Missing number, treated as zero.
<to be read again> 
                   (
l.53 n
      o manual encoding needed \\
A number should have been here; I inserted `0'.
(If you can't figure out why I needed to see a number,
look up `weird error' in the index to The TeXbook.)

! Illegal unit of measure (pt inserted).
<to be read again> 
                   (
l.53 n
      o manual encoding needed \\
Dimensions can be in units of em, ex, in, pt, pc,
cm, mm, dd, cc, bp, or sp; but yours is a new one!
I'll assume that you meant to say pt, for printer's points.
To recover gracefully from this error, it's best to
delete the erroneous units; e.g., type `2' to delete
two letters. (See Chapter 27 of The TeXbook.)

! Undefined control sequence.
<argument> (\linewidth - 10\tabcolsep ) * \real 
                                                {0.1667}
l.53 n
      o manual encoding needed \\
The control sequence at the end of the top line
of your error message was never \def'ed. If you have
misspelled it (e.g., `\hobx'), type `I' and the correct
spelling (e.g., `I\hbox'). Otherwise just continue,
and I'll forget about whatever was undefined.


Overfull \hbox (7.02246pt too wide) in paragraph at lines 53--54
[]\TU/DejaVuSerif(0)/m/n/9 () 
 []


Overfull \hbox (4.5pt too wide) in paragraph at lines 53--54
\TU/DejaVuSerif(0)/m/n/9 * 
 []


Overfull \hbox (42.70605pt too wide) in paragraph at lines 53--54
\TU/DejaVuSerif(0)/m/n/9 0.1667no 
 []


Overfull \hbox (22.7373pt too wide) in paragraph at lines 53--54
\TU/DejaVuSerif(0)/m/n/9 man- 
 []


Overfull \hbox (14.04053pt too wide) in paragraph at lines 53--54
\TU/DejaVuSerif(0)/m/n/9 ual 
 []


Overfull \hbox (14.16357pt too wide) in paragraph at lines 53--54
\TU/DejaVuSerif(0)/m/n/9 en- 
 []


Overfull \hbox (19.26123pt too wide) in paragraph at lines 53--54
\TU/DejaVuSerif(0)/m/n/9 cod- 
 []


Overfull \hbox (14.43604pt too wide) in paragraph at lines 53--54
\TU/DejaVuSerif(0)/m/n/9 ing 
 []


Overfull \hbox (33.29736pt too wide) in paragraph at lines 53--54
\TU/DejaVuSerif(0)/m/n/9 needed|  
 []

! Missing number, treated as zero.
<to be read again> 
                   (
l.54 S
      VC (RBF) & C=1.0, γ=`scale' & 0.9790 (Breast Cancer) & --- & --- &
A number should have been here; I inserted `0'.
(If you can't figure out why I needed to see a number,
look up `weird error' in the index to The TeXbook.)

! Illegal unit of measure (pt inserted).
<to be read again> 
                   (
l.54 S
      VC (RBF) & C=1.0, γ=`scale' & 0.9790 (Breast Cancer) & --- & --- &
Dimensions can be in units of em, ex, in, pt, pc,
cm, mm, dd, cc, bp, or sp; but yours is a new one!
I'll assume that you meant to say pt, for printer's points.
To recover gracefully from this error, it's best to
delete the erroneous units; e.g., type `2' to delete
two letters. (See Chapter 27 of The TeXbook.)

! Undefined control sequence.
<argument> (\linewidth - 10\tabcolsep ) * \real 
                                                {0.1667}
l.54 S
      VC (RBF) & C=1.0, γ=`scale' & 0.9790 (Breast Cancer) & --- & --- &
The control sequence at the end of the top line
of your error message was never \def'ed. If you have
misspelled it (e.g., `\hobx'), type `I' and the correct
spelling (e.g., `I\hbox'). Otherwise just continue,
and I'll forget about whatever was undefined.


Overfull \hbox (7.02246pt too wide) in paragraph at lines 54--54
[]\TU/DejaVuSerif(0)/m/n/9 () 
 []


Overfull \hbox (4.5pt too wide) in paragraph at lines 54--54
\TU/DejaVuSerif(0)/m/n/9 * 
 []


Overfull \hbox (51.04248pt too wide) in paragraph at lines 54--54
\TU/DejaVuSerif(0)/m/n/9 0.1667SVC 
 []


Overfull \hbox (26.65723pt too wide) in paragraph at lines 54--54
\TU/DejaVuSerif(0)/m/n/9 (RBF)|  
 []

! Missing number, treated as zero.
<to be read again> 
                   (
l.54 SVC (RBF) & C
                  =1.0, γ=`scale' & 0.9790 (Breast Cancer) & --- & --- &
A number should have been here; I inserted `0'.
(If you can't figure out why I needed to see a number,
look up `weird error' in the index to The TeXbook.)

! Illegal unit of measure (pt inserted).
<to be read again> 
                   (
l.54 SVC (RBF) & C
                  =1.0, γ=`scale' & 0.9790 (Breast Cancer) & --- & --- &
Dimensions can be in units of em, ex, in, pt, pc,
cm, mm, dd, cc, bp, or sp; but yours is a new one!
I'll assume that you meant to say pt, for printer's points.
To recover gracefully from this error, it's best to
delete the erroneous units; e.g., type `2' to delete
two letters. (See Chapter 27 of The TeXbook.)

! Undefined control sequence.
<argument> (\linewidth - 10\tabcolsep ) * \real 
                                                {0.1667}
l.54 SVC (RBF) & C
                  =1.0, γ=`scale' & 0.9790 (Breast Cancer) & --- & --- &
The control sequence at the end of the top line
of your error message was never \def'ed. If you have
misspelled it (e.g., `\hobx'), type `I' and the correct
spelling (e.g., `I\hbox'). Otherwise just continue,
and I'll forget about whatever was undefined.


Overfull \hbox (7.02246pt too wide) in paragraph at lines 54--54
[]\TU/DejaVuSerif(0)/m/n/9 () 
 []


Overfull \hbox (4.5pt too wide) in paragraph at lines 54--54
\TU/DejaVuSerif(0)/m/n/9 * 
 []


Overfull \hbox (63.09229pt too wide) in paragraph at lines 54--54
\TU/DejaVuSerif(0)/m/n/9 0.1667C=1.0, 
 []


Overfull \hbox (41.8711pt too wide) in paragraph at lines 54--54
\TU/DejaVuSerif(0)/m/n/9 γ=‘scale’|  
 []

! Missing number, treated as zero.
<to be read again> 
                   (
l.54 SVC (RBF) & C=1.0, γ=`scale' & 0
                                     .9790 (Breast Cancer) & --- & --- &
A number should have been here; I inserted `0'.
(If you can't figure out why I needed to see a number,
look up `weird error' in the index to The TeXbook.)

! Illegal unit of measure (pt inserted).
<to be read again> 
                   (
l.54 SVC (RBF) & C=1.0, γ=`scale' & 0
                                     .9790 (Breast Cancer) & --- & --- &
Dimensions can be in units of em, ex, in, pt, pc,
cm, mm, dd, cc, bp, or sp; but yours is a new one!
I'll assume that you meant to say pt, for printer's points.
To recover gracefully from this error, it's best to
delete the erroneous units; e.g., type `2' to delete
two letters. (See Chapter 27 of The TeXbook.)

! Undefined control sequence.
<argument> (\linewidth - 10\tabcolsep ) * \real 
                                                {0.1667}
l.54 SVC (RBF) & C=1.0, γ=`scale' & 0
                                     .9790 (Breast Cancer) & --- & --- &
The control sequence at the end of the top line
of your error message was never \def'ed. If you have
misspelled it (e.g., `\hobx'), type `I' and the correct
spelling (e.g., `I\hbox'). Otherwise just continue,
and I'll forget about whatever was undefined.


Overfull \hbox (7.02246pt too wide) in paragraph at lines 54--54
[]\TU/DejaVuSerif(0)/m/n/9 () 
 []


Overfull \hbox (4.5pt too wide) in paragraph at lines 54--54
\TU/DejaVuSerif(0)/m/n/9 * 
 []


Overfull \hbox (62.98242pt too wide) in paragraph at lines 54--54
\TU/DejaVuSerif(0)/m/n/9 0.16670.9790 
 []


Overfull \hbox (33.35449pt too wide) in paragraph at lines 54--54
\TU/DejaVuSerif(0)/m/n/9 (Breast 
 []


Overfull \hbox (21.08936pt too wide) in paragraph at lines 54--54
\TU/DejaVuSerif(0)/m/n/9 Can- 
 []


Overfull \hbox (18.18018pt too wide) in paragraph at lines 54--54
\TU/DejaVuSerif(0)/m/n/9 cer)|  
 []

! Missing number, treated as zero.
<to be read again> 
                   (
l.54 ....0, γ=`scale' & 0.9790 (Breast Cancer) & -
                                                  -- & --- &
A number should have been here; I inserted `0'.
(If you can't figure out why I needed to see a number,
look up `weird error' in the index to The TeXbook.)

! Illegal unit of measure (pt inserted).
<to be read again> 
                   (
l.54 ....0, γ=`scale' & 0.9790 (Breast Cancer) & -
                                                  -- & --- &
Dimensions can be in units of em, ex, in, pt, pc,
cm, mm, dd, cc, bp, or sp; but yours is a new one!
I'll assume that you meant to say pt, for printer's points.
To recover gracefully from this error, it's best to
delete the erroneous units; e.g., type `2' to delete
two letters. (See Chapter 27 of The TeXbook.)

! Undefined control sequence.
<argument> (\linewidth - 10\tabcolsep ) * \real 
                                                {0.1667}
l.54 ....0, γ=`scale' & 0.9790 (Breast Cancer) & -
                                                  -- & --- &
The control sequence at the end of the top line
of your error message was never \def'ed. If you have
misspelled it (e.g., `\hobx'), type `I' and the correct
spelling (e.g., `I\hbox'). Otherwise just continue,
and I'll forget about whatever was undefined.


Overfull \hbox (7.02246pt too wide) in paragraph at lines 54--54
[]\TU/DejaVuSerif(0)/m/n/9 () 
 []


Overfull \hbox (4.5pt too wide) in paragraph at lines 54--54
\TU/DejaVuSerif(0)/m/n/9 * 
 []


Overfull \hbox (40.49121pt too wide) in paragraph at lines 54--54
\TU/DejaVuSerif(0)/m/n/9 0.1667— 
 []

! Missing number, treated as zero.
<to be read again> 
                   (
l.54 ...`scale' & 0.9790 (Breast Cancer) & --- & -
                                                  -- &
A number should have been here; I inserted `0'.
(If you can't figure out why I needed to see a number,
look up `weird error' in the index to The TeXbook.)

! Illegal unit of measure (pt inserted).
<to be read again> 
                   (
l.54 ...`scale' & 0.9790 (Breast Cancer) & --- & -
                                                  -- &
Dimensions can be in units of em, ex, in, pt, pc,
cm, mm, dd, cc, bp, or sp; but yours is a new one!
I'll assume that you meant to say pt, for printer's points.
To recover gracefully from this error, it's best to
delete the erroneous units; e.g., type `2' to delete
two letters. (See Chapter 27 of The TeXbook.)

! Undefined control sequence.
<argument> (\linewidth - 10\tabcolsep ) * \real 
                                                {0.1667}
l.54 ...`scale' & 0.9790 (Breast Cancer) & --- & -
                                                  -- &
The control sequence at the end of the top line
of your error message was never \def'ed. If you have
misspelled it (e.g., `\hobx'), type `I' and the correct
spelling (e.g., `I\hbox'). Otherwise just continue,
and I'll forget about whatever was undefined.


Overfull \hbox (7.02246pt too wide) in paragraph at lines 54--54
[]\TU/DejaVuSerif(0)/m/n/9 () 
 []


Overfull \hbox (4.5pt too wide) in paragraph at lines 54--54
\TU/DejaVuSerif(0)/m/n/9 * 
 []


Overfull \hbox (40.49121pt too wide) in paragraph at lines 54--54
\TU/DejaVuSerif(0)/m/n/9 0.1667— 
 []

! Missing number, treated as zero.
<to be read again> 
                   (
l.55 s
      eparate 30-feature benchmark \\
A number should have been here; I inserted `0'.
(If you can't figure out why I needed to see a number,
look up `weird error' in the index to The TeXbook.)

! Illegal unit of measure (pt inserted).
<to be read again> 
                   (
l.55 s
      eparate 30-feature benchmark \\
Dimensions can be in units of em, ex, in, pt, pc,
cm, mm, dd, cc, bp, or sp; but yours is a new one!
I'll assume that you meant to say pt, for printer's points.
To recover gracefully from this error, it's best to
delete the erroneous units; e.g., type `2' to delete
two letters. (See Chapter 27 of The TeXbook.)

! Undefined control sequence.
<argument> (\linewidth - 10\tabcolsep ) * \real 
                                                {0.1667}
l.55 s
      eparate 30-feature benchmark \\
The control sequence at the end of the top line
of your error message was never \def'ed. If you have
misspelled it (e.g., `\hobx'), type `I' and the correct
spelling (e.g., `I\hbox'). Otherwise just continue,
and I'll forget about whatever was undefined.


Overfull \hbox (7.02246pt too wide) in paragraph at lines 55--56
[]\TU/DejaVuSerif(0)/m/n/9 () 
 []


Overfull \hbox (4.5pt too wide) in paragraph at lines 55--56
\TU/DejaVuSerif(0)/m/n/9 * 
 []


Overfull \hbox (50.23828pt too wide) in paragraph at lines 55--56
\TU/DejaVuSerif(0)/m/n/9 0.1667sep- 
 []


Overfull \hbox (8.40674pt too wide) in paragraph at lines 55--56
\TU/DejaVuSerif(0)/m/n/9 a- 
 []


Overfull \hbox (18.61084pt too wide) in paragraph at lines 55--56
\TU/DejaVuSerif(0)/m/n/9 rate 
 []


Overfull \hbox (14.49316pt too wide) in paragraph at lines 55--56
\TU/DejaVuSerif(0)/m/n/9 30- 
 []


Overfull \hbox (33.06445pt too wide) in paragraph at lines 55--56
\TU/DejaVuSerif(0)/m/n/9 feature 
 []


Overfull \hbox (30.76172pt too wide) in paragraph at lines 55--56
\TU/DejaVuSerif(0)/m/n/9 bench- 
 []


Overfull \hbox (23.65576pt too wide) in paragraph at lines 55--56
\TU/DejaVuSerif(0)/m/n/9 mark|  
 []


Underfull \hbox (badness 10000) in alignment at lines 43--56
[] [] [] [] [] []
 []


Package hyperref Warning: Counter 'none' or the representation '\theHnone`
(hyperref)                don't exist. No target created. on input line 56.

[67

]
Overfull \hbox (1.22176pt too wide) in paragraph at lines 61--61
|\TU/DejaVuSerif(0)/b/n/12 Regression comparison — California Housing (5,000 sa
mple, same 80/20
 []


! LaTeX Error: No counter 'none' defined.

See the LaTeX manual or LaTeX Companion for explanation.
Type  H <return>  for immediate help.
 ...                                              
                                                  
l.69 ...ewidth - 8\tabcolsep) * \real{0.2000}}@{}}
                                                  
Your command was ignored.
Type  I <command> <return>  to replace it with another command,
or  <return>  to continue without it.

! Missing number, treated as zero.
<to be read again> 
                   (
l.71 \begin
           {minipage}[b]{\linewidth}\raggedright
A number should have been here; I inserted `0'.
(If you can't figure out why I needed to see a number,
look up `weird error' in the index to The TeXbook.)

! Illegal unit of measure (pt inserted).
<to be read again> 
                   (
l.71 \begin
           {minipage}[b]{\linewidth}\raggedright
Dimensions can be in units of em, ex, in, pt, pc,
cm, mm, dd, cc, bp, or sp; but yours is a new one!
I'll assume that you meant to say pt, for printer's points.
To recover gracefully from this error, it's best to
delete the erroneous units; e.g., type `2' to delete
two letters. (See Chapter 27 of The TeXbook.)

! Undefined control sequence.
<argument> (\linewidth - 8\tabcolsep ) * \real 
                                               {0.2000}
l.71 \begin
           {minipage}[b]{\linewidth}\raggedright
The control sequence at the end of the top line
of your error message was never \def'ed. If you have
misspelled it (e.g., `\hobx'), type `I' and the correct
spelling (e.g., `I\hbox'). Otherwise just continue,
and I'll forget about whatever was undefined.


Overfull \hbox (28.59961pt too wide) in paragraph at lines 72--73
[]\TU/DejaVuSerif(0)/m/n/9 Model  
 []


Overfull \hbox (7.02246pt too wide) in paragraph at lines 71--73
[]\TU/DejaVuSerif(0)/m/n/9 () 
 []


Overfull \hbox (4.5pt too wide) in paragraph at lines 71--73
\TU/DejaVuSerif(0)/m/n/9 * 
 []


Overfull \hbox (31.49121pt too wide) in paragraph at lines 71--73
\TU/DejaVuSerif(0)/m/n/9 0.2000[]|  
 []

! Missing number, treated as zero.
<to be read again> 
                   (
l.73 \end{minipage} & \begin
                            {minipage}[b]{\linewidth}\raggedright
A number should have been here; I inserted `0'.
(If you can't figure out why I needed to see a number,
look up `weird error' in the index to The TeXbook.)

! Illegal unit of measure (pt inserted).
<to be read again> 
                   (
l.73 \end{minipage} & \begin
                            {minipage}[b]{\linewidth}\raggedright
Dimensions can be in units of em, ex, in, pt, pc,
cm, mm, dd, cc, bp, or sp; but yours is a new one!
I'll assume that you meant to say pt, for printer's points.
To recover gracefully from this error, it's best to
delete the erroneous units; e.g., type `2' to delete
two letters. (See Chapter 27 of The TeXbook.)

! Undefined control sequence.
<argument> (\linewidth - 8\tabcolsep ) * \real 
                                               {0.2000}
l.73 \end{minipage} & \begin
                            {minipage}[b]{\linewidth}\raggedright
The control sequence at the end of the top line
of your error message was never \def'ed. If you have
misspelled it (e.g., `\hobx'), type `I' and the correct
spelling (e.g., `I\hbox'). Otherwise just continue,
and I'll forget about whatever was undefined.


Overfull \hbox (18.86572pt too wide) in paragraph at lines 74--75
[]\TU/DejaVuSerif(0)/m/n/9 Test 
 []


Overfull \hbox (10.38428pt too wide) in paragraph at lines 74--75
\TU/DejaVuSerif(0)/m/n/9 R²  
 []


Overfull \hbox (7.02246pt too wide) in paragraph at lines 73--75
[]\TU/DejaVuSerif(0)/m/n/9 () 
 []


Overfull \hbox (4.5pt too wide) in paragraph at lines 73--75
\TU/DejaVuSerif(0)/m/n/9 * 
 []


Overfull \hbox (31.49121pt too wide) in paragraph at lines 73--75
\TU/DejaVuSerif(0)/m/n/9 0.2000[]|  
 []

! Missing number, treated as zero.
<to be read again> 
                   (
l.75 \end{minipage} & \begin
                            {minipage}[b]{\linewidth}\raggedright
A number should have been here; I inserted `0'.
(If you can't figure out why I needed to see a number,
look up `weird error' in the index to The TeXbook.)

! Illegal unit of measure (pt inserted).
<to be read again> 
                   (
l.75 \end{minipage} & \begin
                            {minipage}[b]{\linewidth}\raggedright
Dimensions can be in units of em, ex, in, pt, pc,
cm, mm, dd, cc, bp, or sp; but yours is a new one!
I'll assume that you meant to say pt, for printer's points.
To recover gracefully from this error, it's best to
delete the erroneous units; e.g., type `2' to delete
two letters. (See Chapter 27 of The TeXbook.)

! Undefined control sequence.
<argument> (\linewidth - 8\tabcolsep ) * \real 
                                               {0.2000}
l.75 \end{minipage} & \begin
                            {minipage}[b]{\linewidth}\raggedright
The control sequence at the end of the top line
of your error message was never \def'ed. If you have
misspelled it (e.g., `\hobx'), type `I' and the correct
spelling (e.g., `I\hbox'). Otherwise just continue,
and I'll forget about whatever was undefined.


Overfull \hbox (28.72705pt too wide) in paragraph at lines 76--77
[]\TU/DejaVuSerif(0)/m/n/9 RMSE  
 []


Overfull \hbox (7.02246pt too wide) in paragraph at lines 75--77
[]\TU/DejaVuSerif(0)/m/n/9 () 
 []


Overfull \hbox (4.5pt too wide) in paragraph at lines 75--77
\TU/DejaVuSerif(0)/m/n/9 * 
 []


Overfull \hbox (31.49121pt too wide) in paragraph at lines 75--77
\TU/DejaVuSerif(0)/m/n/9 0.2000[]|  
 []

! Missing number, treated as zero.
<to be read again> 
                   (
l.77 \end{minipage} & \begin
                            {minipage}[b]{\linewidth}\raggedright
A number should have been here; I inserted `0'.
(If you can't figure out why I needed to see a number,
look up `weird error' in the index to The TeXbook.)

! Illegal unit of measure (pt inserted).
<to be read again> 
                   (
l.77 \end{minipage} & \begin
                            {minipage}[b]{\linewidth}\raggedright
Dimensions can be in units of em, ex, in, pt, pc,
cm, mm, dd, cc, bp, or sp; but yours is a new one!
I'll assume that you meant to say pt, for printer's points.
To recover gracefully from this error, it's best to
delete the erroneous units; e.g., type `2' to delete
two letters. (See Chapter 27 of The TeXbook.)

! Undefined control sequence.
<argument> (\linewidth - 8\tabcolsep ) * \real 
                                               {0.2000}
l.77 \end{minipage} & \begin
                            {minipage}[b]{\linewidth}\raggedright
The control sequence at the end of the top line
of your error message was never \def'ed. If you have
misspelled it (e.g., `\hobx'), type `I' and the correct
spelling (e.g., `I\hbox'). Otherwise just continue,
and I'll forget about whatever was undefined.


Overfull \hbox (22.28467pt too wide) in paragraph at lines 78--79
[]\TU/DejaVuSerif(0)/m/n/9 MAE  
 []


Overfull \hbox (7.02246pt too wide) in paragraph at lines 77--79
[]\TU/DejaVuSerif(0)/m/n/9 () 
 []


Overfull \hbox (4.5pt too wide) in paragraph at lines 77--79
\TU/DejaVuSerif(0)/m/n/9 * 
 []


Overfull \hbox (31.49121pt too wide) in paragraph at lines 77--79
\TU/DejaVuSerif(0)/m/n/9 0.2000[]|  
 []

! Missing number, treated as zero.
<to be read again> 
                   (
l.79 \end{minipage} & \begin
                            {minipage}[b]{\linewidth}\raggedright
A number should have been here; I inserted `0'.
(If you can't figure out why I needed to see a number,
look up `weird error' in the index to The TeXbook.)

! Illegal unit of measure (pt inserted).
<to be read again> 
                   (
l.79 \end{minipage} & \begin
                            {minipage}[b]{\linewidth}\raggedright
Dimensions can be in units of em, ex, in, pt, pc,
cm, mm, dd, cc, bp, or sp; but yours is a new one!
I'll assume that you meant to say pt, for printer's points.
To recover gracefully from this error, it's best to
delete the erroneous units; e.g., type `2' to delete
two letters. (See Chapter 27 of The TeXbook.)

! Undefined control sequence.
<argument> (\linewidth - 8\tabcolsep ) * \real 
                                               {0.2000}
l.79 \end{minipage} & \begin
                            {minipage}[b]{\linewidth}\raggedright
The control sequence at the end of the top line
of your error message was never \def'ed. If you have
misspelled it (e.g., `\hobx'), type `I' and the correct
spelling (e.g., `I\hbox'). Otherwise just continue,
and I'll forget about whatever was undefined.


Overfull \hbox (55.54688pt too wide) in paragraph at lines 80--81
[]\TU/DejaVuSerif(0)/m/n/9 Observation  
 []


Overfull \hbox (7.02246pt too wide) in paragraph at lines 79--82
[]\TU/DejaVuSerif(0)/m/n/9 () 
 []


Overfull \hbox (4.5pt too wide) in paragraph at lines 79--82
\TU/DejaVuSerif(0)/m/n/9 * 
 []


Overfull \hbox (31.49121pt too wide) in paragraph at lines 79--82
\TU/DejaVuSerif(0)/m/n/9 0.2000[]|  
 []


Underfull \hbox (badness 10000) in alignment at lines 69--83
[] [] [] [] []
 []


Underfull \hbox (badness 10000) in alignment at lines 83--85
[] [] [] [] []
 []

! Missing number, treated as zero.
<to be read again> 
                   (
l.86 R
      andom Forest Regressor & 0.7415 & 0.5908 & 0.3999 & OOB 0.7513 ≈ test,
A number should have been here; I inserted `0'.
(If you can't figure out why I needed to see a number,
look up `weird error' in the index to The TeXbook.)

! Illegal unit of measure (pt inserted).
<to be read again> 
                   (
l.86 R
      andom Forest Regressor & 0.7415 & 0.5908 & 0.3999 & OOB 0.7513 ≈ test,
Dimensions can be in units of em, ex, in, pt, pc,
cm, mm, dd, cc, bp, or sp; but yours is a new one!
I'll assume that you meant to say pt, for printer's points.
To recover gracefully from this error, it's best to
delete the erroneous units; e.g., type `2' to delete
two letters. (See Chapter 27 of The TeXbook.)

! Undefined control sequence.
<argument> (\linewidth - 8\tabcolsep ) * \real 
                                               {0.2000}
l.86 R
      andom Forest Regressor & 0.7415 & 0.5908 & 0.3999 & OOB 0.7513 ≈ test,
The control sequence at the end of the top line
of your error message was never \def'ed. If you have
misspelled it (e.g., `\hobx'), type `I' and the correct
spelling (e.g., `I\hbox'). Otherwise just continue,
and I'll forget about whatever was undefined.


Overfull \hbox (7.02246pt too wide) in paragraph at lines 86--86
[]\TU/DejaVuSerif(0)/m/n/9 () 
 []


Overfull \hbox (4.5pt too wide) in paragraph at lines 86--86
\TU/DejaVuSerif(0)/m/n/9 * 
 []


Overfull \hbox (52.67725pt too wide) in paragraph at lines 86--86
\TU/DejaVuSerif(0)/m/n/9 0.2000Ran- 
 []


Overfull \hbox (19.71387pt too wide) in paragraph at lines 86--86
\TU/DejaVuSerif(0)/m/n/9 dom 
 []


Overfull \hbox (18.51416pt too wide) in paragraph at lines 86--86
\TU/DejaVuSerif(0)/m/n/9 For- 
 []


Overfull \hbox (13.56152pt too wide) in paragraph at lines 86--86
\TU/DejaVuSerif(0)/m/n/9 est 
 []


Overfull \hbox (15.14355pt too wide) in paragraph at lines 86--86
\TU/DejaVuSerif(0)/m/n/9 Re- 
 []


Overfull \hbox (23.04932pt too wide) in paragraph at lines 86--86
\TU/DejaVuSerif(0)/m/n/9 gres- 
 []


Overfull \hbox (14.33936pt too wide) in paragraph at lines 86--86
\TU/DejaVuSerif(0)/m/n/9 sor|  
 []

! Missing number, treated as zero.
<to be read again> 
                   (
l.86 Random Forest Regressor & 0
                                .7415 & 0.5908 & 0.3999 & OOB 0.7513 ≈ test,
A number should have been here; I inserted `0'.
(If you can't figure out why I needed to see a number,
look up `weird error' in the index to The TeXbook.)

! Illegal unit of measure (pt inserted).
<to be read again> 
                   (
l.86 Random Forest Regressor & 0
                                .7415 & 0.5908 & 0.3999 & OOB 0.7513 ≈ test,
Dimensions can be in units of em, ex, in, pt, pc,
cm, mm, dd, cc, bp, or sp; but yours is a new one!
I'll assume that you meant to say pt, for printer's points.
To recover gracefully from this error, it's best to
delete the erroneous units; e.g., type `2' to delete
two letters. (See Chapter 27 of The TeXbook.)

! Undefined control sequence.
<argument> (\linewidth - 8\tabcolsep ) * \real 
                                               {0.2000}
l.86 Random Forest Regressor & 0
                                .7415 & 0.5908 & 0.3999 & OOB 0.7513 ≈ test,
The control sequence at the end of the top line
of your error message was never \def'ed. If you have
misspelled it (e.g., `\hobx'), type `I' and the correct
spelling (e.g., `I\hbox'). Otherwise just continue,
and I'll forget about whatever was undefined.


Overfull \hbox (7.02246pt too wide) in paragraph at lines 86--86
[]\TU/DejaVuSerif(0)/m/n/9 () 
 []


Overfull \hbox (4.5pt too wide) in paragraph at lines 86--86
\TU/DejaVuSerif(0)/m/n/9 * 
 []


Overfull \hbox (62.98242pt too wide) in paragraph at lines 86--86
\TU/DejaVuSerif(0)/m/n/9 0.20000.7415|  
 []

! Missing number, treated as zero.
<to be read again> 
                   (
l.86 Random Forest Regressor & 0.7415 & 0
                                         .5908 & 0.3999 & OOB 0.7513 ≈ test,
A number should have been here; I inserted `0'.
(If you can't figure out why I needed to see a number,
look up `weird error' in the index to The TeXbook.)

! Illegal unit of measure (pt inserted).
<to be read again> 
                   (
l.86 Random Forest Regressor & 0.7415 & 0
                                         .5908 & 0.3999 & OOB 0.7513 ≈ test,
Dimensions can be in units of em, ex, in, pt, pc,
cm, mm, dd, cc, bp, or sp; but yours is a new one!
I'll assume that you meant to say pt, for printer's points.
To recover gracefully from this error, it's best to
delete the erroneous units; e.g., type `2' to delete
two letters. (See Chapter 27 of The TeXbook.)

! Undefined control sequence.
<argument> (\linewidth - 8\tabcolsep ) * \real 
                                               {0.2000}
l.86 Random Forest Regressor & 0.7415 & 0
                                         .5908 & 0.3999 & OOB 0.7513 ≈ test,
The control sequence at the end of the top line
of your error message was never \def'ed. If you have
misspelled it (e.g., `\hobx'), type `I' and the correct
spelling (e.g., `I\hbox'). Otherwise just continue,
and I'll forget about whatever was undefined.


Overfull \hbox (7.02246pt too wide) in paragraph at lines 86--86
[]\TU/DejaVuSerif(0)/m/n/9 () 
 []


Overfull \hbox (4.5pt too wide) in paragraph at lines 86--86
\TU/DejaVuSerif(0)/m/n/9 * 
 []


Overfull \hbox (62.98242pt too wide) in paragraph at lines 86--86
\TU/DejaVuSerif(0)/m/n/9 0.20000.5908|  
 []

! Missing number, treated as zero.
<to be read again> 
                   (
l.86 Random Forest Regressor & 0.7415 & 0.5908 & 0
                                                  .3999 & OOB 0.7513 ≈ test,
A number should have been here; I inserted `0'.
(If you can't figure out why I needed to see a number,
look up `weird error' in the index to The TeXbook.)

! Illegal unit of measure (pt inserted).
<to be read again> 
                   (
l.86 Random Forest Regressor & 0.7415 & 0.5908 & 0
                                                  .3999 & OOB 0.7513 ≈ test,
Dimensions can be in units of em, ex, in, pt, pc,
cm, mm, dd, cc, bp, or sp; but yours is a new one!
I'll assume that you meant to say pt, for printer's points.
To recover gracefully from this error, it's best to
delete the erroneous units; e.g., type `2' to delete
two letters. (See Chapter 27 of The TeXbook.)

! Undefined control sequence.
<argument> (\linewidth - 8\tabcolsep ) * \real 
                                               {0.2000}
l.86 Random Forest Regressor & 0.7415 & 0.5908 & 0
                                                  .3999 & OOB 0.7513 ≈ test,
The control sequence at the end of the top line
of your error message was never \def'ed. If you have
misspelled it (e.g., `\hobx'), type `I' and the correct
spelling (e.g., `I\hbox'). Otherwise just continue,
and I'll forget about whatever was undefined.


Overfull \hbox (7.02246pt too wide) in paragraph at lines 86--86
[]\TU/DejaVuSerif(0)/m/n/9 () 
 []


Overfull \hbox (4.5pt too wide) in paragraph at lines 86--86
\TU/DejaVuSerif(0)/m/n/9 * 
 []


Overfull \hbox (62.98242pt too wide) in paragraph at lines 86--86
\TU/DejaVuSerif(0)/m/n/9 0.20000.3999|  
 []

! Missing number, treated as zero.
<to be read again> 
                   (
l.86 ...t Regressor & 0.7415 & 0.5908 & 0.3999 & O
                                                  OB 0.7513 ≈ test,
A number should have been here; I inserted `0'.
(If you can't figure out why I needed to see a number,
look up `weird error' in the index to The TeXbook.)

! Illegal unit of measure (pt inserted).
<to be read again> 
                   (
l.86 ...t Regressor & 0.7415 & 0.5908 & 0.3999 & O
                                                  OB 0.7513 ≈ test,
Dimensions can be in units of em, ex, in, pt, pc,
cm, mm, dd, cc, bp, or sp; but yours is a new one!
I'll assume that you meant to say pt, for printer's points.
To recover gracefully from this error, it's best to
delete the erroneous units; e.g., type `2' to delete
two letters. (See Chapter 27 of The TeXbook.)

! Undefined control sequence.
<argument> (\linewidth - 8\tabcolsep ) * \real 
                                               {0.2000}
l.86 ...t Regressor & 0.7415 & 0.5908 & 0.3999 & O
                                                  OB 0.7513 ≈ test,
The control sequence at the end of the top line
of your error message was never \def'ed. If you have
misspelled it (e.g., `\hobx'), type `I' and the correct
spelling (e.g., `I\hbox'). Otherwise just continue,
and I'll forget about whatever was undefined.


Overfull \hbox (7.02246pt too wide) in paragraph at lines 86--88
[]\TU/DejaVuSerif(0)/m/n/9 () 
 []


Overfull \hbox (4.5pt too wide) in paragraph at lines 86--88
\TU/DejaVuSerif(0)/m/n/9 * 
 []


Overfull \hbox (52.86182pt too wide) in paragraph at lines 86--88
\TU/DejaVuSerif(0)/m/n/9 0.2000OOB 
 []


Overfull \hbox (31.49121pt too wide) in paragraph at lines 86--88
\TU/DejaVuSerif(0)/m/n/9 0.7513 
 []


Overfull \hbox (7.54102pt too wide) in paragraph at lines 86--88
\TU/DejaVuSerif(0)/m/n/9 ≈ 
 []


Overfull \hbox (20.03906pt too wide) in paragraph at lines 86--88
\TU/DejaVuSerif(0)/m/n/9 test, 
 []


Overfull \hbox (11.21484pt too wide) in paragraph at lines 86--88
\TU/DejaVuSerif(0)/m/n/9 no 
 []


Overfull \hbox (23.17236pt too wide) in paragraph at lines 86--88
\TU/DejaVuSerif(0)/m/n/9 over- 
 []


Overfull \hbox (9.61963pt too wide) in paragraph at lines 86--88
\TU/DejaVuSerif(0)/m/n/9 fit|  
 []

! Missing number, treated as zero.
<to be read again> 
                   (
l.88 X
      GBoost Regressor & 0.8025 & 0.5165 & 0.3467 & best trade-off \\
A number should have been here; I inserted `0'.
(If you can't figure out why I needed to see a number,
look up `weird error' in the index to The TeXbook.)

! Illegal unit of measure (pt inserted).
<to be read again> 
                   (
l.88 X
      GBoost Regressor & 0.8025 & 0.5165 & 0.3467 & best trade-off \\
Dimensions can be in units of em, ex, in, pt, pc,
cm, mm, dd, cc, bp, or sp; but yours is a new one!
I'll assume that you meant to say pt, for printer's points.
To recover gracefully from this error, it's best to
delete the erroneous units; e.g., type `2' to delete
two letters. (See Chapter 27 of The TeXbook.)

! Undefined control sequence.
<argument> (\linewidth - 8\tabcolsep ) * \real 
                                               {0.2000}
l.88 X
      GBoost Regressor & 0.8025 & 0.5165 & 0.3467 & best trade-off \\
The control sequence at the end of the top line
of your error message was never \def'ed. If you have
misspelled it (e.g., `\hobx'), type `I' and the correct
spelling (e.g., `I\hbox'). Otherwise just continue,
and I'll forget about whatever was undefined.


Overfull \hbox (7.02246pt too wide) in paragraph at lines 88--88
[]\TU/DejaVuSerif(0)/m/n/9 () 
 []


Overfull \hbox (4.5pt too wide) in paragraph at lines 88--88
\TU/DejaVuSerif(0)/m/n/9 * 
 []


Overfull \hbox (48.2959pt too wide) in paragraph at lines 88--88
\TU/DejaVuSerif(0)/m/n/9 0.2000XG- 
 []


Overfull \hbox (25.68604pt too wide) in paragraph at lines 88--88
\TU/DejaVuSerif(0)/m/n/9 Boost 
 []


Overfull \hbox (15.14355pt too wide) in paragraph at lines 88--88
\TU/DejaVuSerif(0)/m/n/9 Re- 
 []


Overfull \hbox (23.04932pt too wide) in paragraph at lines 88--88
\TU/DejaVuSerif(0)/m/n/9 gres- 
 []


Overfull \hbox (14.33936pt too wide) in paragraph at lines 88--88
\TU/DejaVuSerif(0)/m/n/9 sor|  
 []

! Missing number, treated as zero.
<to be read again> 
                   (
l.88 XGBoost Regressor & 0
                          .8025 & 0.5165 & 0.3467 & best trade-off \\
A number should have been here; I inserted `0'.
(If you can't figure out why I needed to see a number,
look up `weird error' in the index to The TeXbook.)

! Illegal unit of measure (pt inserted).
<to be read again> 
                   (
l.88 XGBoost Regressor & 0
                          .8025 & 0.5165 & 0.3467 & best trade-off \\
Dimensions can be in units of em, ex, in, pt, pc,
cm, mm, dd, cc, bp, or sp; but yours is a new one!
I'll assume that you meant to say pt, for printer's points.
To recover gracefully from this error, it's best to
delete the erroneous units; e.g., type `2' to delete
two letters. (See Chapter 27 of The TeXbook.)

! Undefined control sequence.
<argument> (\linewidth - 8\tabcolsep ) * \real 
                                               {0.2000}
l.88 XGBoost Regressor & 0
                          .8025 & 0.5165 & 0.3467 & best trade-off \\
The control sequence at the end of the top line
of your error message was never \def'ed. If you have
misspelled it (e.g., `\hobx'), type `I' and the correct
spelling (e.g., `I\hbox'). Otherwise just continue,
and I'll forget about whatever was undefined.


Overfull \hbox (7.02246pt too wide) in paragraph at lines 88--88
[]\TU/DejaVuSerif(0)/m/n/9 () 
 []


Overfull \hbox (4.5pt too wide) in paragraph at lines 88--88
\TU/DejaVuSerif(0)/m/n/9 * 
 []


Overfull \hbox (62.98242pt too wide) in paragraph at lines 88--88
\TU/DejaVuSerif(0)/m/n/9 0.20000.8025|  
 []

! Missing number, treated as zero.
<to be read again> 
                   (
l.88 XGBoost Regressor & 0.8025 & 0
                                   .5165 & 0.3467 & best trade-off \\
A number should have been here; I inserted `0'.
(If you can't figure out why I needed to see a number,
look up `weird error' in the index to The TeXbook.)

! Illegal unit of measure (pt inserted).
<to be read again> 
                   (
l.88 XGBoost Regressor & 0.8025 & 0
                                   .5165 & 0.3467 & best trade-off \\
Dimensions can be in units of em, ex, in, pt, pc,
cm, mm, dd, cc, bp, or sp; but yours is a new one!
I'll assume that you meant to say pt, for printer's points.
To recover gracefully from this error, it's best to
delete the erroneous units; e.g., type `2' to delete
two letters. (See Chapter 27 of The TeXbook.)

! Undefined control sequence.
<argument> (\linewidth - 8\tabcolsep ) * \real 
                                               {0.2000}
l.88 XGBoost Regressor & 0.8025 & 0
                                   .5165 & 0.3467 & best trade-off \\
The control sequence at the end of the top line
of your error message was never \def'ed. If you have
misspelled it (e.g., `\hobx'), type `I' and the correct
spelling (e.g., `I\hbox'). Otherwise just continue,
and I'll forget about whatever was undefined.


Overfull \hbox (7.02246pt too wide) in paragraph at lines 88--88
[]\TU/DejaVuSerif(0)/m/n/9 () 
 []


Overfull \hbox (4.5pt too wide) in paragraph at lines 88--88
\TU/DejaVuSerif(0)/m/n/9 * 
 []


Overfull \hbox (62.98242pt too wide) in paragraph at lines 88--88
\TU/DejaVuSerif(0)/m/n/9 0.20000.5165|  
 []

! Missing number, treated as zero.
<to be read again> 
                   (
l.88 XGBoost Regressor & 0.8025 & 0.5165 & 0
                                            .3467 & best trade-off \\
A number should have been here; I inserted `0'.
(If you can't figure out why I needed to see a number,
look up `weird error' in the index to The TeXbook.)

! Illegal unit of measure (pt inserted).
<to be read again> 
                   (
l.88 XGBoost Regressor & 0.8025 & 0.5165 & 0
                                            .3467 & best trade-off \\
Dimensions can be in units of em, ex, in, pt, pc,
cm, mm, dd, cc, bp, or sp; but yours is a new one!
I'll assume that you meant to say pt, for printer's points.
To recover gracefully from this error, it's best to
delete the erroneous units; e.g., type `2' to delete
two letters. (See Chapter 27 of The TeXbook.)

! Undefined control sequence.
<argument> (\linewidth - 8\tabcolsep ) * \real 
                                               {0.2000}
l.88 XGBoost Regressor & 0.8025 & 0.5165 & 0
                                            .3467 & best trade-off \\
The control sequence at the end of the top line
of your error message was never \def'ed. If you have
misspelled it (e.g., `\hobx'), type `I' and the correct
spelling (e.g., `I\hbox'). Otherwise just continue,
and I'll forget about whatever was undefined.


Overfull \hbox (7.02246pt too wide) in paragraph at lines 88--88
[]\TU/DejaVuSerif(0)/m/n/9 () 
 []


Overfull \hbox (4.5pt too wide) in paragraph at lines 88--88
\TU/DejaVuSerif(0)/m/n/9 * 
 []


Overfull \hbox (62.98242pt too wide) in paragraph at lines 88--88
\TU/DejaVuSerif(0)/m/n/9 0.20000.3467|  
 []

! Missing number, treated as zero.
<to be read again> 
                   (
l.88 ...t Regressor & 0.8025 & 0.5165 & 0.3467 & b
                                                  est trade-off \\
A number should have been here; I inserted `0'.
(If you can't figure out why I needed to see a number,
look up `weird error' in the index to The TeXbook.)

! Illegal unit of measure (pt inserted).
<to be read again> 
                   (
l.88 ...t Regressor & 0.8025 & 0.5165 & 0.3467 & b
                                                  est trade-off \\
Dimensions can be in units of em, ex, in, pt, pc,
cm, mm, dd, cc, bp, or sp; but yours is a new one!
I'll assume that you meant to say pt, for printer's points.
To recover gracefully from this error, it's best to
delete the erroneous units; e.g., type `2' to delete
two letters. (See Chapter 27 of The TeXbook.)

! Undefined control sequence.
<argument> (\linewidth - 8\tabcolsep ) * \real 
                                               {0.2000}
l.88 ...t Regressor & 0.8025 & 0.5165 & 0.3467 & b
                                                  est trade-off \\
The control sequence at the end of the top line
of your error message was never \def'ed. If you have
misspelled it (e.g., `\hobx'), type `I' and the correct
spelling (e.g., `I\hbox'). Otherwise just continue,
and I'll forget about whatever was undefined.


Overfull \hbox (7.02246pt too wide) in paragraph at lines 88--89
[]\TU/DejaVuSerif(0)/m/n/9 () 
 []


Overfull \hbox (4.5pt too wide) in paragraph at lines 88--89
\TU/DejaVuSerif(0)/m/n/9 * 
 []


Overfull \hbox (50.81396pt too wide) in paragraph at lines 88--89
\TU/DejaVuSerif(0)/m/n/9 0.2000best 
 []


Overfull \hbox (27.41309pt too wide) in paragraph at lines 88--89
\TU/DejaVuSerif(0)/m/n/9 trade- 
 []


Overfull \hbox (11.8125pt too wide) in paragraph at lines 88--89
\TU/DejaVuSerif(0)/m/n/9 off|  
 []

! Missing number, treated as zero.
<to be read again> 
                   (
l.89 A
      daBoost Regressor & 0.5888 & 0.7452 & 0.5842 & noise-sensitive \\
A number should have been here; I inserted `0'.
(If you can't figure out why I needed to see a number,
look up `weird error' in the index to The TeXbook.)

! Illegal unit of measure (pt inserted).
<to be read again> 
                   (
l.89 A
      daBoost Regressor & 0.5888 & 0.7452 & 0.5842 & noise-sensitive \\
Dimensions can be in units of em, ex, in, pt, pc,
cm, mm, dd, cc, bp, or sp; but yours is a new one!
I'll assume that you meant to say pt, for printer's points.
To recover gracefully from this error, it's best to
delete the erroneous units; e.g., type `2' to delete
two letters. (See Chapter 27 of The TeXbook.)

! Undefined control sequence.
<argument> (\linewidth - 8\tabcolsep ) * \real 
                                               {0.2000}
l.89 A
      daBoost Regressor & 0.5888 & 0.7452 & 0.5842 & noise-sensitive \\
The control sequence at the end of the top line
of your error message was never \def'ed. If you have
misspelled it (e.g., `\hobx'), type `I' and the correct
spelling (e.g., `I\hbox'). Otherwise just continue,
and I'll forget about whatever was undefined.


Overfull \hbox (7.02246pt too wide) in paragraph at lines 89--89
[]\TU/DejaVuSerif(0)/m/n/9 () 
 []


Overfull \hbox (4.5pt too wide) in paragraph at lines 89--89
\TU/DejaVuSerif(0)/m/n/9 * 
 []


Overfull \hbox (46.79297pt too wide) in paragraph at lines 89--89
\TU/DejaVuSerif(0)/m/n/9 0.2000Ad- 
 []


Overfull \hbox (31.05176pt too wide) in paragraph at lines 89--89
\TU/DejaVuSerif(0)/m/n/9 aBoost 
 []


Overfull \hbox (15.14355pt too wide) in paragraph at lines 89--89
\TU/DejaVuSerif(0)/m/n/9 Re- 
 []


Overfull \hbox (23.04932pt too wide) in paragraph at lines 89--89
\TU/DejaVuSerif(0)/m/n/9 gres- 
 []


Overfull \hbox (14.33936pt too wide) in paragraph at lines 89--89
\TU/DejaVuSerif(0)/m/n/9 sor|  
 []

! Missing number, treated as zero.
<to be read again> 
                   (
l.89 AdaBoost Regressor & 0
                           .5888 & 0.7452 & 0.5842 & noise-sensitive \\
A number should have been here; I inserted `0'.
(If you can't figure out why I needed to see a number,
look up `weird error' in the index to The TeXbook.)

! Illegal unit of measure (pt inserted).
<to be read again> 
                   (
l.89 AdaBoost Regressor & 0
                           .5888 & 0.7452 & 0.5842 & noise-sensitive \\
Dimensions can be in units of em, ex, in, pt, pc,
cm, mm, dd, cc, bp, or sp; but yours is a new one!
I'll assume that you meant to say pt, for printer's points.
To recover gracefully from this error, it's best to
delete the erroneous units; e.g., type `2' to delete
two letters. (See Chapter 27 of The TeXbook.)

! Undefined control sequence.
<argument> (\linewidth - 8\tabcolsep ) * \real 
                                               {0.2000}
l.89 AdaBoost Regressor & 0
                           .5888 & 0.7452 & 0.5842 & noise-sensitive \\
The control sequence at the end of the top line
of your error message was never \def'ed. If you have
misspelled it (e.g., `\hobx'), type `I' and the correct
spelling (e.g., `I\hbox'). Otherwise just continue,
and I'll forget about whatever was undefined.


Overfull \hbox (7.02246pt too wide) in paragraph at lines 89--89
[]\TU/DejaVuSerif(0)/m/n/9 () 
 []


Overfull \hbox (4.5pt too wide) in paragraph at lines 89--89
\TU/DejaVuSerif(0)/m/n/9 * 
 []


Overfull \hbox (62.98242pt too wide) in paragraph at lines 89--89
\TU/DejaVuSerif(0)/m/n/9 0.20000.5888|  
 []

! Missing number, treated as zero.
<to be read again> 
                   (
l.89 AdaBoost Regressor & 0.5888 & 0
                                    .7452 & 0.5842 & noise-sensitive \\
A number should have been here; I inserted `0'.
(If you can't figure out why I needed to see a number,
look up `weird error' in the index to The TeXbook.)

! Illegal unit of measure (pt inserted).
<to be read again> 
                   (
l.89 AdaBoost Regressor & 0.5888 & 0
                                    .7452 & 0.5842 & noise-sensitive \\
Dimensions can be in units of em, ex, in, pt, pc,
cm, mm, dd, cc, bp, or sp; but yours is a new one!
I'll assume that you meant to say pt, for printer's points.
To recover gracefully from this error, it's best to
delete the erroneous units; e.g., type `2' to delete
two letters. (See Chapter 27 of The TeXbook.)

! Undefined control sequence.
<argument> (\linewidth - 8\tabcolsep ) * \real 
                                               {0.2000}
l.89 AdaBoost Regressor & 0.5888 & 0
                                    .7452 & 0.5842 & noise-sensitive \\
The control sequence at the end of the top line
of your error message was never \def'ed. If you have
misspelled it (e.g., `\hobx'), type `I' and the correct
spelling (e.g., `I\hbox'). Otherwise just continue,
and I'll forget about whatever was undefined.


Overfull \hbox (7.02246pt too wide) in paragraph at lines 89--89
[]\TU/DejaVuSerif(0)/m/n/9 () 
 []


Overfull \hbox (4.5pt too wide) in paragraph at lines 89--89
\TU/DejaVuSerif(0)/m/n/9 * 
 []


Overfull \hbox (62.98242pt too wide) in paragraph at lines 89--89
\TU/DejaVuSerif(0)/m/n/9 0.20000.7452|  
 []

! Missing number, treated as zero.
<to be read again> 
                   (
l.89 AdaBoost Regressor & 0.5888 & 0.7452 & 0
                                             .5842 & noise-sensitive \\
A number should have been here; I inserted `0'.
(If you can't figure out why I needed to see a number,
look up `weird error' in the index to The TeXbook.)

! Illegal unit of measure (pt inserted).
<to be read again> 
                   (
l.89 AdaBoost Regressor & 0.5888 & 0.7452 & 0
                                             .5842 & noise-sensitive \\
Dimensions can be in units of em, ex, in, pt, pc,
cm, mm, dd, cc, bp, or sp; but yours is a new one!
I'll assume that you meant to say pt, for printer's points.
To recover gracefully from this error, it's best to
delete the erroneous units; e.g., type `2' to delete
two letters. (See Chapter 27 of The TeXbook.)

! Undefined control sequence.
<argument> (\linewidth - 8\tabcolsep ) * \real 
                                               {0.2000}
l.89 AdaBoost Regressor & 0.5888 & 0.7452 & 0
                                             .5842 & noise-sensitive \\
The control sequence at the end of the top line
of your error message was never \def'ed. If you have
misspelled it (e.g., `\hobx'), type `I' and the correct
spelling (e.g., `I\hbox'). Otherwise just continue,
and I'll forget about whatever was undefined.


Overfull \hbox (7.02246pt too wide) in paragraph at lines 89--89
[]\TU/DejaVuSerif(0)/m/n/9 () 
 []


Overfull \hbox (4.5pt too wide) in paragraph at lines 89--89
\TU/DejaVuSerif(0)/m/n/9 * 
 []


Overfull \hbox (62.98242pt too wide) in paragraph at lines 89--89
\TU/DejaVuSerif(0)/m/n/9 0.20000.5842|  
 []

! Missing number, treated as zero.
<to be read again> 
                   (
l.89 ...t Regressor & 0.5888 & 0.7452 & 0.5842 & n
                                                  oise-sensitive \\
A number should have been here; I inserted `0'.
(If you can't figure out why I needed to see a number,
look up `weird error' in the index to The TeXbook.)

! Illegal unit of measure (pt inserted).
<to be read again> 
                   (
l.89 ...t Regressor & 0.5888 & 0.7452 & 0.5842 & n
                                                  oise-sensitive \\
Dimensions can be in units of em, ex, in, pt, pc,
cm, mm, dd, cc, bp, or sp; but yours is a new one!
I'll assume that you meant to say pt, for printer's points.
To recover gracefully from this error, it's best to
delete the erroneous units; e.g., type `2' to delete
two letters. (See Chapter 27 of The TeXbook.)

! Undefined control sequence.
<argument> (\linewidth - 8\tabcolsep ) * \real 
                                               {0.2000}
l.89 ...t Regressor & 0.5888 & 0.7452 & 0.5842 & n
                                                  oise-sensitive \\
The control sequence at the end of the top line
of your error message was never \def'ed. If you have
misspelled it (e.g., `\hobx'), type `I' and the correct
spelling (e.g., `I\hbox'). Otherwise just continue,
and I'll forget about whatever was undefined.


Overfull \hbox (7.02246pt too wide) in paragraph at lines 89--90
[]\TU/DejaVuSerif(0)/m/n/9 () 
 []


Overfull \hbox (4.5pt too wide) in paragraph at lines 89--90
\TU/DejaVuSerif(0)/m/n/9 * 
 []


Overfull \hbox (58.57031pt too wide) in paragraph at lines 89--90
\TU/DejaVuSerif(0)/m/n/9 0.2000noise- 
 []


Overfull \hbox (40.14404pt too wide) in paragraph at lines 89--90
\TU/DejaVuSerif(0)/m/n/9 sensitive|  
 []

! Missing number, treated as zero.
<to be read again> 
                   (
l.90 C
      atBoost Regressor & \textbf{0.8029} & \textbf{0.5160} & 0.3535 & ties
A number should have been here; I inserted `0'.
(If you can't figure out why I needed to see a number,
look up `weird error' in the index to The TeXbook.)

! Illegal unit of measure (pt inserted).
<to be read again> 
                   (
l.90 C
      atBoost Regressor & \textbf{0.8029} & \textbf{0.5160} & 0.3535 & ties
Dimensions can be in units of em, ex, in, pt, pc,
cm, mm, dd, cc, bp, or sp; but yours is a new one!
I'll assume that you meant to say pt, for printer's points.
To recover gracefully from this error, it's best to
delete the erroneous units; e.g., type `2' to delete
two letters. (See Chapter 27 of The TeXbook.)

! Undefined control sequence.
<argument> (\linewidth - 8\tabcolsep ) * \real 
                                               {0.2000}
l.90 C
      atBoost Regressor & \textbf{0.8029} & \textbf{0.5160} & 0.3535 & ties
The control sequence at the end of the top line
of your error message was never \def'ed. If you have
misspelled it (e.g., `\hobx'), type `I' and the correct
spelling (e.g., `I\hbox'). Otherwise just continue,
and I'll forget about whatever was undefined.


Overfull \hbox (7.02246pt too wide) in paragraph at lines 90--90
[]\TU/DejaVuSerif(0)/m/n/9 () 
 []


Overfull \hbox (4.5pt too wide) in paragraph at lines 90--90
\TU/DejaVuSerif(0)/m/n/9 * 
 []


Overfull \hbox (50.40088pt too wide) in paragraph at lines 90--90
\TU/DejaVuSerif(0)/m/n/9 0.2000Cat- 
 []


Overfull \hbox (25.68604pt too wide) in paragraph at lines 90--90
\TU/DejaVuSerif(0)/m/n/9 Boost 
 []


Overfull \hbox (15.14355pt too wide) in paragraph at lines 90--90
\TU/DejaVuSerif(0)/m/n/9 Re- 
 []


Overfull \hbox (23.04932pt too wide) in paragraph at lines 90--90
\TU/DejaVuSerif(0)/m/n/9 gres- 
 []


Overfull \hbox (14.33936pt too wide) in paragraph at lines 90--90
\TU/DejaVuSerif(0)/m/n/9 sor|  
 []

! Missing number, treated as zero.
<to be read again> 
                   (
l.90 CatBoost Regressor & \textbf
                                 {0.8029} & \textbf{0.5160} & 0.3535 & ties
A number should have been here; I inserted `0'.
(If you can't figure out why I needed to see a number,
look up `weird error' in the index to The TeXbook.)

! Illegal unit of measure (pt inserted).
<to be read again> 
                   (
l.90 CatBoost Regressor & \textbf
                                 {0.8029} & \textbf{0.5160} & 0.3535 & ties
Dimensions can be in units of em, ex, in, pt, pc,
cm, mm, dd, cc, bp, or sp; but yours is a new one!
I'll assume that you meant to say pt, for printer's points.
To recover gracefully from this error, it's best to
delete the erroneous units; e.g., type `2' to delete
two letters. (See Chapter 27 of The TeXbook.)

! Undefined control sequence.
<argument> (\linewidth - 8\tabcolsep ) * \real 
                                               {0.2000}
l.90 CatBoost Regressor & \textbf
                                 {0.8029} & \textbf{0.5160} & 0.3535 & ties
The control sequence at the end of the top line
of your error message was never \def'ed. If you have
misspelled it (e.g., `\hobx'), type `I' and the correct
spelling (e.g., `I\hbox'). Otherwise just continue,
and I'll forget about whatever was undefined.


Overfull \hbox (7.02246pt too wide) in paragraph at lines 90--90
[]\TU/DejaVuSerif(0)/m/n/9 () 
 []


Overfull \hbox (4.5pt too wide) in paragraph at lines 90--90
\TU/DejaVuSerif(0)/m/n/9 * 
 []


Overfull \hbox (65.93555pt too wide) in paragraph at lines 90--90
\TU/DejaVuSerif(0)/m/n/9 0.2000\TU/DejaVuSerif(0)/b/n/9 0.8029|  
 []

! Missing number, treated as zero.
<to be read again> 
                   (
l.90 ...oost Regressor & \textbf{0.8029} & \textbf
                                                  {0.5160} & 0.3535 & ties
A number should have been here; I inserted `0'.
(If you can't figure out why I needed to see a number,
look up `weird error' in the index to The TeXbook.)

! Illegal unit of measure (pt inserted).
<to be read again> 
                   (
l.90 ...oost Regressor & \textbf{0.8029} & \textbf
                                                  {0.5160} & 0.3535 & ties
Dimensions can be in units of em, ex, in, pt, pc,
cm, mm, dd, cc, bp, or sp; but yours is a new one!
I'll assume that you meant to say pt, for printer's points.
To recover gracefully from this error, it's best to
delete the erroneous units; e.g., type `2' to delete
two letters. (See Chapter 27 of The TeXbook.)

! Undefined control sequence.
<argument> (\linewidth - 8\tabcolsep ) * \real 
                                               {0.2000}
l.90 ...oost Regressor & \textbf{0.8029} & \textbf
                                                  {0.5160} & 0.3535 & ties
The control sequence at the end of the top line
of your error message was never \def'ed. If you have
misspelled it (e.g., `\hobx'), type `I' and the correct
spelling (e.g., `I\hbox'). Otherwise just continue,
and I'll forget about whatever was undefined.


Overfull \hbox (7.02246pt too wide) in paragraph at lines 90--90
[]\TU/DejaVuSerif(0)/m/n/9 () 
 []


Overfull \hbox (4.5pt too wide) in paragraph at lines 90--90
\TU/DejaVuSerif(0)/m/n/9 * 
 []


Overfull \hbox (65.93555pt too wide) in paragraph at lines 90--90
\TU/DejaVuSerif(0)/m/n/9 0.2000\TU/DejaVuSerif(0)/b/n/9 0.5160|  
 []

! Missing number, treated as zero.
<to be read again> 
                   (
l.90 ...or & \textbf{0.8029} & \textbf{0.5160} & 0
                                                  .3535 & ties
A number should have been here; I inserted `0'.
(If you can't figure out why I needed to see a number,
look up `weird error' in the index to The TeXbook.)

! Illegal unit of measure (pt inserted).
<to be read again> 
                   (
l.90 ...or & \textbf{0.8029} & \textbf{0.5160} & 0
                                                  .3535 & ties
Dimensions can be in units of em, ex, in, pt, pc,
cm, mm, dd, cc, bp, or sp; but yours is a new one!
I'll assume that you meant to say pt, for printer's points.
To recover gracefully from this error, it's best to
delete the erroneous units; e.g., type `2' to delete
two letters. (See Chapter 27 of The TeXbook.)

! Undefined control sequence.
<argument> (\linewidth - 8\tabcolsep ) * \real 
                                               {0.2000}
l.90 ...or & \textbf{0.8029} & \textbf{0.5160} & 0
                                                  .3535 & ties
The control sequence at the end of the top line
of your error message was never \def'ed. If you have
misspelled it (e.g., `\hobx'), type `I' and the correct
spelling (e.g., `I\hbox'). Otherwise just continue,
and I'll forget about whatever was undefined.


Overfull \hbox (7.02246pt too wide) in paragraph at lines 90--90
[]\TU/DejaVuSerif(0)/m/n/9 () 
 []


Overfull \hbox (4.5pt too wide) in paragraph at lines 90--90
\TU/DejaVuSerif(0)/m/n/9 * 
 []


Overfull \hbox (62.98242pt too wide) in paragraph at lines 90--90
\TU/DejaVuSerif(0)/m/n/9 0.20000.3535|  
 []

! Missing number, treated as zero.
<to be read again> 
                   (
l.90 ...tbf{0.8029} & \textbf{0.5160} & 0.3535 & t
                                                  ies
A number should have been here; I inserted `0'.
(If you can't figure out why I needed to see a number,
look up `weird error' in the index to The TeXbook.)

! Illegal unit of measure (pt inserted).
<to be read again> 
                   (
l.90 ...tbf{0.8029} & \textbf{0.5160} & 0.3535 & t
                                                  ies
Dimensions can be in units of em, ex, in, pt, pc,
cm, mm, dd, cc, bp, or sp; but yours is a new one!
I'll assume that you meant to say pt, for printer's points.
To recover gracefully from this error, it's best to
delete the erroneous units; e.g., type `2' to delete
two letters. (See Chapter 27 of The TeXbook.)

! Undefined control sequence.
<argument> (\linewidth - 8\tabcolsep ) * \real 
                                               {0.2000}
l.90 ...tbf{0.8029} & \textbf{0.5160} & 0.3535 & t
                                                  ies
The control sequence at the end of the top line
of your error message was never \def'ed. If you have
misspelled it (e.g., `\hobx'), type `I' and the correct
spelling (e.g., `I\hbox'). Otherwise just continue,
and I'll forget about whatever was undefined.


Overfull \hbox (7.02246pt too wide) in paragraph at lines 90--92
[]\TU/DejaVuSerif(0)/m/n/9 () 
 []


Overfull \hbox (4.5pt too wide) in paragraph at lines 90--92
\TU/DejaVuSerif(0)/m/n/9 * 
 []


Overfull \hbox (47.93115pt too wide) in paragraph at lines 90--92
\TU/DejaVuSerif(0)/m/n/9 0.2000ties 
 []


Overfull \hbox (16.80469pt too wide) in paragraph at lines 90--92
\TU/DejaVuSerif(0)/m/n/9 XG- 
 []


Overfull \hbox (25.68604pt too wide) in paragraph at lines 90--92
\TU/DejaVuSerif(0)/m/n/9 Boost|  
 []


Underfull \hbox (badness 10000) in alignment at lines 85--92
[] [] [] [] []
 []


Package hyperref Warning: Counter 'none' or the representation '\theHnone`
(hyperref)                don't exist. No target created. on input line 92.


! LaTeX Error: No counter 'none' defined.

See the LaTeX manual or LaTeX Companion for explanation.
Type  H <return>  for immediate help.
 ...                                              
                                                  
l.103 ...width - 6\tabcolsep) * \real{0.2500}}@{}}
                                                  
Your command was ignored.
Type  I <command> <return>  to replace it with another command,
or  <return>  to continue without it.

! Missing number, treated as zero.
<to be read again> 
                   (
l.105 \begin
            {minipage}[b]{\linewidth}\raggedright
A number should have been here; I inserted `0'.
(If you can't figure out why I needed to see a number,
look up `weird error' in the index to The TeXbook.)

! Illegal unit of measure (pt inserted).
<to be read again> 
                   (
l.105 \begin
            {minipage}[b]{\linewidth}\raggedright
Dimensions can be in units of em, ex, in, pt, pc,
cm, mm, dd, cc, bp, or sp; but yours is a new one!
I'll assume that you meant to say pt, for printer's points.
To recover gracefully from this error, it's best to
delete the erroneous units; e.g., type `2' to delete
two letters. (See Chapter 27 of The TeXbook.)

! Undefined control sequence.
<argument> (\linewidth - 6\tabcolsep ) * \real 
                                               {0.2500}
l.105 \begin
            {minipage}[b]{\linewidth}\raggedright
The control sequence at the end of the top line
of your error message was never \def'ed. If you have
misspelled it (e.g., `\hobx'), type `I' and the correct
spelling (e.g., `I\hbox'). Otherwise just continue,
and I'll forget about whatever was undefined.


Overfull \hbox (45.68555pt too wide) in paragraph at lines 106--107
[]\TU/DejaVuSerif(0)/m/n/9 Algorithm  
 []


Overfull \hbox (7.02246pt too wide) in paragraph at lines 105--107
[]\TU/DejaVuSerif(0)/m/n/9 () 
 []


Overfull \hbox (4.5pt too wide) in paragraph at lines 105--107
\TU/DejaVuSerif(0)/m/n/9 * 
 []


Overfull \hbox (31.49121pt too wide) in paragraph at lines 105--107
\TU/DejaVuSerif(0)/m/n/9 0.2500[]|  
 []

! Missing number, treated as zero.
<to be read again> 
                   (
l.107 \end{minipage} & \begin
                             {minipage}[b]{\linewidth}\raggedright
A number should have been here; I inserted `0'.
(If you can't figure out why I needed to see a number,
look up `weird error' in the index to The TeXbook.)

! Illegal unit of measure (pt inserted).
<to be read again> 
                   (
l.107 \end{minipage} & \begin
                             {minipage}[b]{\linewidth}\raggedright
Dimensions can be in units of em, ex, in, pt, pc,
cm, mm, dd, cc, bp, or sp; but yours is a new one!
I'll assume that you meant to say pt, for printer's points.
To recover gracefully from this error, it's best to
delete the erroneous units; e.g., type `2' to delete
two letters. (See Chapter 27 of The TeXbook.)

! Undefined control sequence.
<argument> (\linewidth - 6\tabcolsep ) * \real 
                                               {0.2500}
l.107 \end{minipage} & \begin
                             {minipage}[b]{\linewidth}\raggedright
The control sequence at the end of the top line
of your error message was never \def'ed. If you have
misspelled it (e.g., `\hobx'), type `I' and the correct
spelling (e.g., `I\hbox'). Otherwise just continue,
and I'll forget about whatever was undefined.


Overfull \hbox (46.81934pt too wide) in paragraph at lines 108--109
[]\TU/DejaVuSerif(0)/m/n/9 Silhouette 
 []


Overfull \hbox (7.54102pt too wide) in paragraph at lines 108--109
\TU/DejaVuSerif(0)/m/n/9 ↑  
 []


Overfull \hbox (7.02246pt too wide) in paragraph at lines 107--109
[]\TU/DejaVuSerif(0)/m/n/9 () 
 []


Overfull \hbox (4.5pt too wide) in paragraph at lines 107--109
\TU/DejaVuSerif(0)/m/n/9 * 
 []


Overfull \hbox (31.49121pt too wide) in paragraph at lines 107--109
\TU/DejaVuSerif(0)/m/n/9 0.2500[]|  
 []

! Missing number, treated as zero.
<to be read again> 
                   (
l.109 \end{minipage} & \begin
                             {minipage}[b]{\linewidth}\raggedright
A number should have been here; I inserted `0'.
(If you can't figure out why I needed to see a number,
look up `weird error' in the index to The TeXbook.)

! Illegal unit of measure (pt inserted).
<to be read again> 
                   (
l.109 \end{minipage} & \begin
                             {minipage}[b]{\linewidth}\raggedright
Dimensions can be in units of em, ex, in, pt, pc,
cm, mm, dd, cc, bp, or sp; but yours is a new one!
I'll assume that you meant to say pt, for printer's points.
To recover gracefully from this error, it's best to
delete the erroneous units; e.g., type `2' to delete
two letters. (See Chapter 27 of The TeXbook.)

! Undefined control sequence.
<argument> (\linewidth - 6\tabcolsep ) * \real 
                                               {0.2500}
l.109 \end{minipage} & \begin
                             {minipage}[b]{\linewidth}\raggedright
The control sequence at the end of the top line
of your error message was never \def'ed. If you have
misspelled it (e.g., `\hobx'), type `I' and the correct
spelling (e.g., `I\hbox'). Otherwise just continue,
and I'll forget about whatever was undefined.


Overfull \hbox (33.53027pt too wide) in paragraph at lines 110--111
[]\TU/DejaVuSerif(0)/m/n/9 Davies- 
 []


Overfull \hbox (35.14307pt too wide) in paragraph at lines 110--111
\TU/DejaVuSerif(0)/m/n/9 Bouldin 
 []


Overfull \hbox (7.54102pt too wide) in paragraph at lines 110--111
\TU/DejaVuSerif(0)/m/n/9 ↓  
 []


Overfull \hbox (7.02246pt too wide) in paragraph at lines 109--111
[]\TU/DejaVuSerif(0)/m/n/9 () 
 []


Overfull \hbox (4.5pt too wide) in paragraph at lines 109--111
\TU/DejaVuSerif(0)/m/n/9 * 
 []


Overfull \hbox (31.49121pt too wide) in paragraph at lines 109--111
\TU/DejaVuSerif(0)/m/n/9 0.2500[]|  
 []

! Missing number, treated as zero.
<to be read again> 
                   (
l.111 \end{minipage} & \begin
                             {minipage}[b]{\linewidth}\raggedright
A number should have been here; I inserted `0'.
(If you can't figure out why I needed to see a number,
look up `weird error' in the index to The TeXbook.)

! Illegal unit of measure (pt inserted).
<to be read again> 
                   (
l.111 \end{minipage} & \begin
                             {minipage}[b]{\linewidth}\raggedright
Dimensions can be in units of em, ex, in, pt, pc,
cm, mm, dd, cc, bp, or sp; but yours is a new one!
I'll assume that you meant to say pt, for printer's points.
To recover gracefully from this error, it's best to
delete the erroneous units; e.g., type `2' to delete
two letters. (See Chapter 27 of The TeXbook.)

! Undefined control sequence.
<argument> (\linewidth - 6\tabcolsep ) * \real 
                                               {0.2500}
l.111 \end{minipage} & \begin
                             {minipage}[b]{\linewidth}\raggedright
The control sequence at the end of the top line
of your error message was never \def'ed. If you have
misspelled it (e.g., `\hobx'), type `I' and the correct
spelling (e.g., `I\hbox'). Otherwise just continue,
and I'll forget about whatever was undefined.


Overfull \hbox (39.79688pt too wide) in paragraph at lines 112--113
[]\TU/DejaVuSerif(0)/m/n/9 Calinski- 
 []


Overfull \hbox (43.36963pt too wide) in paragraph at lines 112--113
\TU/DejaVuSerif(0)/m/n/9 Harabasz 
 []


Overfull \hbox (7.54102pt too wide) in paragraph at lines 112--113
\TU/DejaVuSerif(0)/m/n/9 ↑  
 []


Overfull \hbox (7.02246pt too wide) in paragraph at lines 111--114
[]\TU/DejaVuSerif(0)/m/n/9 () 
 []


Overfull \hbox (4.5pt too wide) in paragraph at lines 111--114
\TU/DejaVuSerif(0)/m/n/9 * 
 []


Overfull \hbox (31.49121pt too wide) in paragraph at lines 111--114
\TU/DejaVuSerif(0)/m/n/9 0.2500[]|  
 []


Underfull \hbox (badness 10000) in alignment at lines 103--115
[] [] [] []
 []


Underfull \hbox (badness 10000) in alignment at lines 115--117
[] [] [] []
 []

! Missing number, treated as zero.
<to be read again> 
                   (
l.118 K
       -Means & 0.5547 & 0.5722 & 248.65 \\
A number should have been here; I inserted `0'.
(If you can't figure out why I needed to see a number,
look up `weird error' in the index to The TeXbook.)

! Illegal unit of measure (pt inserted).
<to be read again> 
                   (
l.118 K
       -Means & 0.5547 & 0.5722 & 248.65 \\
Dimensions can be in units of em, ex, in, pt, pc,
cm, mm, dd, cc, bp, or sp; but yours is a new one!
I'll assume that you meant to say pt, for printer's points.
To recover gracefully from this error, it's best to
delete the erroneous units; e.g., type `2' to delete
two letters. (See Chapter 27 of The TeXbook.)

! Undefined control sequence.
<argument> (\linewidth - 6\tabcolsep ) * \real 
                                               {0.2500}
l.118 K
       -Means & 0.5547 & 0.5722 & 248.65 \\
The control sequence at the end of the top line
of your error message was never \def'ed. If you have
misspelled it (e.g., `\hobx'), type `I' and the correct
spelling (e.g., `I\hbox'). Otherwise just continue,
and I'll forget about whatever was undefined.


Overfull \hbox (7.02246pt too wide) in paragraph at lines 118--118
[]\TU/DejaVuSerif(0)/m/n/9 () 
 []


Overfull \hbox (4.5pt too wide) in paragraph at lines 118--118
\TU/DejaVuSerif(0)/m/n/9 * 
 []


Overfull \hbox (40.60107pt too wide) in paragraph at lines 118--118
\TU/DejaVuSerif(0)/m/n/9 0.2500K- 
 []


Overfull \hbox (30.32227pt too wide) in paragraph at lines 118--118
\TU/DejaVuSerif(0)/m/n/9 Means|  
 []

! Missing number, treated as zero.
<to be read again> 
                   (
l.118 K-Means & 0
                 .5547 & 0.5722 & 248.65 \\
A number should have been here; I inserted `0'.
(If you can't figure out why I needed to see a number,
look up `weird error' in the index to The TeXbook.)

! Illegal unit of measure (pt inserted).
<to be read again> 
                   (
l.118 K-Means & 0
                 .5547 & 0.5722 & 248.65 \\
Dimensions can be in units of em, ex, in, pt, pc,
cm, mm, dd, cc, bp, or sp; but yours is a new one!
I'll assume that you meant to say pt, for printer's points.
To recover gracefully from this error, it's best to
delete the erroneous units; e.g., type `2' to delete
two letters. (See Chapter 27 of The TeXbook.)

! Undefined control sequence.
<argument> (\linewidth - 6\tabcolsep ) * \real 
                                               {0.2500}
l.118 K-Means & 0
                 .5547 & 0.5722 & 248.65 \\
The control sequence at the end of the top line
of your error message was never \def'ed. If you have
misspelled it (e.g., `\hobx'), type `I' and the correct
spelling (e.g., `I\hbox'). Otherwise just continue,
and I'll forget about whatever was undefined.


Overfull \hbox (7.02246pt too wide) in paragraph at lines 118--118
[]\TU/DejaVuSerif(0)/m/n/9 () 
 []


Overfull \hbox (4.5pt too wide) in paragraph at lines 118--118
\TU/DejaVuSerif(0)/m/n/9 * 
 []


Overfull \hbox (62.98242pt too wide) in paragraph at lines 118--118
\TU/DejaVuSerif(0)/m/n/9 0.25000.5547|  
 []

! Missing number, treated as zero.
<to be read again> 
                   (
l.118 K-Means & 0.5547 & 0
                          .5722 & 248.65 \\
A number should have been here; I inserted `0'.
(If you can't figure out why I needed to see a number,
look up `weird error' in the index to The TeXbook.)

! Illegal unit of measure (pt inserted).
<to be read again> 
                   (
l.118 K-Means & 0.5547 & 0
                          .5722 & 248.65 \\
Dimensions can be in units of em, ex, in, pt, pc,
cm, mm, dd, cc, bp, or sp; but yours is a new one!
I'll assume that you meant to say pt, for printer's points.
To recover gracefully from this error, it's best to
delete the erroneous units; e.g., type `2' to delete
two letters. (See Chapter 27 of The TeXbook.)

! Undefined control sequence.
<argument> (\linewidth - 6\tabcolsep ) * \real 
                                               {0.2500}
l.118 K-Means & 0.5547 & 0
                          .5722 & 248.65 \\
The control sequence at the end of the top line
of your error message was never \def'ed. If you have
misspelled it (e.g., `\hobx'), type `I' and the correct
spelling (e.g., `I\hbox'). Otherwise just continue,
and I'll forget about whatever was undefined.


Overfull \hbox (7.02246pt too wide) in paragraph at lines 118--118
[]\TU/DejaVuSerif(0)/m/n/9 () 
 []


Overfull \hbox (4.5pt too wide) in paragraph at lines 118--118
\TU/DejaVuSerif(0)/m/n/9 * 
 []


Overfull \hbox (62.98242pt too wide) in paragraph at lines 118--118
\TU/DejaVuSerif(0)/m/n/9 0.25000.5722|  
 []

! Missing number, treated as zero.
<to be read again> 
                   (
l.118 K-Means & 0.5547 & 0.5722 & 2
                                   48.65 \\
A number should have been here; I inserted `0'.
(If you can't figure out why I needed to see a number,
look up `weird error' in the index to The TeXbook.)

! Illegal unit of measure (pt inserted).
<to be read again> 
                   (
l.118 K-Means & 0.5547 & 0.5722 & 2
                                   48.65 \\
Dimensions can be in units of em, ex, in, pt, pc,
cm, mm, dd, cc, bp, or sp; but yours is a new one!
I'll assume that you meant to say pt, for printer's points.
To recover gracefully from this error, it's best to
delete the erroneous units; e.g., type `2' to delete
two letters. (See Chapter 27 of The TeXbook.)

! Undefined control sequence.
<argument> (\linewidth - 6\tabcolsep ) * \real 
                                               {0.2500}
l.118 K-Means & 0.5547 & 0.5722 & 2
                                   48.65 \\
The control sequence at the end of the top line
of your error message was never \def'ed. If you have
misspelled it (e.g., `\hobx'), type `I' and the correct
spelling (e.g., `I\hbox'). Otherwise just continue,
and I'll forget about whatever was undefined.


Overfull \hbox (7.02246pt too wide) in paragraph at lines 118--119
[]\TU/DejaVuSerif(0)/m/n/9 () 
 []


Overfull \hbox (4.5pt too wide) in paragraph at lines 118--119
\TU/DejaVuSerif(0)/m/n/9 * 
 []


Overfull \hbox (62.98242pt too wide) in paragraph at lines 118--119
\TU/DejaVuSerif(0)/m/n/9 0.2500248.65|  
 []

! Missing number, treated as zero.
<to be read again> 
                   (
l.119 M
       odified K-Means (97th pct outlier flag) & 0.5547 & 0.5722 & 248.65 (6
A number should have been here; I inserted `0'.
(If you can't figure out why I needed to see a number,
look up `weird error' in the index to The TeXbook.)

! Illegal unit of measure (pt inserted).
<to be read again> 
                   (
l.119 M
       odified K-Means (97th pct outlier flag) & 0.5547 & 0.5722 & 248.65 (6
Dimensions can be in units of em, ex, in, pt, pc,
cm, mm, dd, cc, bp, or sp; but yours is a new one!
I'll assume that you meant to say pt, for printer's points.
To recover gracefully from this error, it's best to
delete the erroneous units; e.g., type `2' to delete
two letters. (See Chapter 27 of The TeXbook.)

! Undefined control sequence.
<argument> (\linewidth - 6\tabcolsep ) * \real 
                                               {0.2500}
l.119 M
       odified K-Means (97th pct outlier flag) & 0.5547 & 0.5722 & 248.65 (6
The control sequence at the end of the top line
of your error message was never \def'ed. If you have
misspelled it (e.g., `\hobx'), type `I' and the correct
spelling (e.g., `I\hbox'). Otherwise just continue,
and I'll forget about whatever was undefined.


Overfull \hbox (7.02246pt too wide) in paragraph at lines 119--119
[]\TU/DejaVuSerif(0)/m/n/9 () 
 []


Overfull \hbox (4.5pt too wide) in paragraph at lines 119--119
\TU/DejaVuSerif(0)/m/n/9 * 
 []


Overfull \hbox (54.92725pt too wide) in paragraph at lines 119--119
\TU/DejaVuSerif(0)/m/n/9 0.2500Mod- 
 []


Overfull \hbox (5.91943pt too wide) in paragraph at lines 119--119
\TU/DejaVuSerif(0)/m/n/9 i- 
 []


Overfull \hbox (17.09033pt too wide) in paragraph at lines 119--119
\TU/DejaVuSerif(0)/m/n/9 fied 
 []


Overfull \hbox (9.10986pt too wide) in paragraph at lines 119--119
\TU/DejaVuSerif(0)/m/n/9 K- 
 []


Overfull \hbox (30.32227pt too wide) in paragraph at lines 119--119
\TU/DejaVuSerif(0)/m/n/9 Means 
 []


Overfull \hbox (24.37646pt too wide) in paragraph at lines 119--119
\TU/DejaVuSerif(0)/m/n/9 (97th 
 []


Overfull \hbox (14.41846pt too wide) in paragraph at lines 119--119
\TU/DejaVuSerif(0)/m/n/9 pct 
 []


Overfull \hbox (17.87256pt too wide) in paragraph at lines 119--119
\TU/DejaVuSerif(0)/m/n/9 out- 
 []


Overfull \hbox (15.38525pt too wide) in paragraph at lines 119--119
\TU/DejaVuSerif(0)/m/n/9 lier 
 []


Overfull \hbox (20.64111pt too wide) in paragraph at lines 119--119
\TU/DejaVuSerif(0)/m/n/9 flag)|  
 []

! Missing number, treated as zero.
<to be read again> 
                   (
l.119 Modified K-Means (97th pct outlier flag) & 0
                                                  .5547 & 0.5722 & 248.65 (6
A number should have been here; I inserted `0'.
(If you can't figure out why I needed to see a number,
look up `weird error' in the index to The TeXbook.)

! Illegal unit of measure (pt inserted).
<to be read again> 
                   (
l.119 Modified K-Means (97th pct outlier flag) & 0
                                                  .5547 & 0.5722 & 248.65 (6
Dimensions can be in units of em, ex, in, pt, pc,
cm, mm, dd, cc, bp, or sp; but yours is a new one!
I'll assume that you meant to say pt, for printer's points.
To recover gracefully from this error, it's best to
delete the erroneous units; e.g., type `2' to delete
two letters. (See Chapter 27 of The TeXbook.)

! Undefined control sequence.
<argument> (\linewidth - 6\tabcolsep ) * \real 
                                               {0.2500}
l.119 Modified K-Means (97th pct outlier flag) & 0
                                                  .5547 & 0.5722 & 248.65 (6
The control sequence at the end of the top line
of your error message was never \def'ed. If you have
misspelled it (e.g., `\hobx'), type `I' and the correct
spelling (e.g., `I\hbox'). Otherwise just continue,
and I'll forget about whatever was undefined.


Overfull \hbox (7.02246pt too wide) in paragraph at lines 119--119
[]\TU/DejaVuSerif(0)/m/n/9 () 
 []


Overfull \hbox (4.5pt too wide) in paragraph at lines 119--119
\TU/DejaVuSerif(0)/m/n/9 * 
 []


Overfull \hbox (62.98242pt too wide) in paragraph at lines 119--119
\TU/DejaVuSerif(0)/m/n/9 0.25000.5547|  
 []

! Missing number, treated as zero.
<to be read again> 
                   (
l.119 ...eans (97th pct outlier flag) & 0.5547 & 0
                                                  .5722 & 248.65 (6
A number should have been here; I inserted `0'.
(If you can't figure out why I needed to see a number,
look up `weird error' in the index to The TeXbook.)

! Illegal unit of measure (pt inserted).
<to be read again> 
                   (
l.119 ...eans (97th pct outlier flag) & 0.5547 & 0
                                                  .5722 & 248.65 (6
Dimensions can be in units of em, ex, in, pt, pc,
cm, mm, dd, cc, bp, or sp; but yours is a new one!
I'll assume that you meant to say pt, for printer's points.
To recover gracefully from this error, it's best to
delete the erroneous units; e.g., type `2' to delete
two letters. (See Chapter 27 of The TeXbook.)

! Undefined control sequence.
<argument> (\linewidth - 6\tabcolsep ) * \real 
                                               {0.2500}
l.119 ...eans (97th pct outlier flag) & 0.5547 & 0
                                                  .5722 & 248.65 (6
The control sequence at the end of the top line
of your error message was never \def'ed. If you have
misspelled it (e.g., `\hobx'), type `I' and the correct
spelling (e.g., `I\hbox'). Otherwise just continue,
and I'll forget about whatever was undefined.


Overfull \hbox (7.02246pt too wide) in paragraph at lines 119--119
[]\TU/DejaVuSerif(0)/m/n/9 () 
 []


Overfull \hbox (4.5pt too wide) in paragraph at lines 119--119
\TU/DejaVuSerif(0)/m/n/9 * 
 []


Overfull \hbox (62.98242pt too wide) in paragraph at lines 119--119
\TU/DejaVuSerif(0)/m/n/9 0.25000.5722|  
 []

! Missing number, treated as zero.
<to be read again> 
                   (
l.119 ...h pct outlier flag) & 0.5547 & 0.5722 & 2
                                                  48.65 (6
A number should have been here; I inserted `0'.
(If you can't figure out why I needed to see a number,
look up `weird error' in the index to The TeXbook.)

! Illegal unit of measure (pt inserted).
<to be read again> 
                   (
l.119 ...h pct outlier flag) & 0.5547 & 0.5722 & 2
                                                  48.65 (6
Dimensions can be in units of em, ex, in, pt, pc,
cm, mm, dd, cc, bp, or sp; but yours is a new one!
I'll assume that you meant to say pt, for printer's points.
To recover gracefully from this error, it's best to
delete the erroneous units; e.g., type `2' to delete
two letters. (See Chapter 27 of The TeXbook.)

! Undefined control sequence.
<argument> (\linewidth - 6\tabcolsep ) * \real 
                                               {0.2500}
l.119 ...h pct outlier flag) & 0.5547 & 0.5722 & 2
                                                  48.65 (6
The control sequence at the end of the top line
of your error message was never \def'ed. If you have
misspelled it (e.g., `\hobx'), type `I' and the correct
spelling (e.g., `I\hbox'). Otherwise just continue,
and I'll forget about whatever was undefined.


Overfull \hbox (7.02246pt too wide) in paragraph at lines 119--121
[]\TU/DejaVuSerif(0)/m/n/9 () 
 []


Overfull \hbox (4.5pt too wide) in paragraph at lines 119--121
\TU/DejaVuSerif(0)/m/n/9 * 
 []


Overfull \hbox (62.98242pt too wide) in paragraph at lines 119--121
\TU/DejaVuSerif(0)/m/n/9 0.2500248.65 
 []


Overfull \hbox (9.2373pt too wide) in paragraph at lines 119--121
\TU/DejaVuSerif(0)/m/n/9 (6 
 []


Overfull \hbox (17.87256pt too wide) in paragraph at lines 119--121
\TU/DejaVuSerif(0)/m/n/9 out- 
 []


Overfull \hbox (20.0039pt too wide) in paragraph at lines 119--121
\TU/DejaVuSerif(0)/m/n/9 liers 
 []


Overfull \hbox (37.48975pt too wide) in paragraph at lines 119--121
\TU/DejaVuSerif(0)/m/n/9 flagged)|  
 []

! Missing number, treated as zero.
<to be read again> 
                   (
l.121 H
       ierarchical (Ward) & 0.5538 & 0.5779 & 244.41 \\
A number should have been here; I inserted `0'.
(If you can't figure out why I needed to see a number,
look up `weird error' in the index to The TeXbook.)

! Illegal unit of measure (pt inserted).
<to be read again> 
                   (
l.121 H
       ierarchical (Ward) & 0.5538 & 0.5779 & 244.41 \\
Dimensions can be in units of em, ex, in, pt, pc,
cm, mm, dd, cc, bp, or sp; but yours is a new one!
I'll assume that you meant to say pt, for printer's points.
To recover gracefully from this error, it's best to
delete the erroneous units; e.g., type `2' to delete
two letters. (See Chapter 27 of The TeXbook.)

! Undefined control sequence.
<argument> (\linewidth - 6\tabcolsep ) * \real 
                                               {0.2500}
l.121 H
       ierarchical (Ward) & 0.5538 & 0.5779 & 244.41 \\
The control sequence at the end of the top line
of your error message was never \def'ed. If you have
misspelled it (e.g., `\hobx'), type `I' and the correct
spelling (e.g., `I\hbox'). Otherwise just continue,
and I'll forget about whatever was undefined.


Overfull \hbox (7.02246pt too wide) in paragraph at lines 121--121
[]\TU/DejaVuSerif(0)/m/n/9 () 
 []


Overfull \hbox (4.5pt too wide) in paragraph at lines 121--121
\TU/DejaVuSerif(0)/m/n/9 * 
 []


Overfull \hbox (45.25928pt too wide) in paragraph at lines 121--121
\TU/DejaVuSerif(0)/m/n/9 0.2500Hi- 
 []


Overfull \hbox (12.66943pt too wide) in paragraph at lines 121--121
\TU/DejaVuSerif(0)/m/n/9 er- 
 []


Overfull \hbox (12.70898pt too wide) in paragraph at lines 121--121
\TU/DejaVuSerif(0)/m/n/9 ar- 
 []


Overfull \hbox (16.75635pt too wide) in paragraph at lines 121--121
\TU/DejaVuSerif(0)/m/n/9 chi- 
 []


Overfull \hbox (13.28467pt too wide) in paragraph at lines 121--121
\TU/DejaVuSerif(0)/m/n/9 cal 
 []


Overfull \hbox (30.91992pt too wide) in paragraph at lines 121--121
\TU/DejaVuSerif(0)/m/n/9 (Ward)|  
 []

! Missing number, treated as zero.
<to be read again> 
                   (
l.121 Hierarchical (Ward) & 0
                             .5538 & 0.5779 & 244.41 \\
A number should have been here; I inserted `0'.
(If you can't figure out why I needed to see a number,
look up `weird error' in the index to The TeXbook.)

! Illegal unit of measure (pt inserted).
<to be read again> 
                   (
l.121 Hierarchical (Ward) & 0
                             .5538 & 0.5779 & 244.41 \\
Dimensions can be in units of em, ex, in, pt, pc,
cm, mm, dd, cc, bp, or sp; but yours is a new one!
I'll assume that you meant to say pt, for printer's points.
To recover gracefully from this error, it's best to
delete the erroneous units; e.g., type `2' to delete
two letters. (See Chapter 27 of The TeXbook.)

! Undefined control sequence.
<argument> (\linewidth - 6\tabcolsep ) * \real 
                                               {0.2500}
l.121 Hierarchical (Ward) & 0
                             .5538 & 0.5779 & 244.41 \\
The control sequence at the end of the top line
of your error message was never \def'ed. If you have
misspelled it (e.g., `\hobx'), type `I' and the correct
spelling (e.g., `I\hbox'). Otherwise just continue,
and I'll forget about whatever was undefined.


Overfull \hbox (7.02246pt too wide) in paragraph at lines 121--121
[]\TU/DejaVuSerif(0)/m/n/9 () 
 []


Overfull \hbox (4.5pt too wide) in paragraph at lines 121--121
\TU/DejaVuSerif(0)/m/n/9 * 
 []


Overfull \hbox (62.98242pt too wide) in paragraph at lines 121--121
\TU/DejaVuSerif(0)/m/n/9 0.25000.5538|  
 []

! Missing number, treated as zero.
<to be read again> 
                   (
l.121 Hierarchical (Ward) & 0.5538 & 0
                                      .5779 & 244.41 \\
A number should have been here; I inserted `0'.
(If you can't figure out why I needed to see a number,
look up `weird error' in the index to The TeXbook.)

! Illegal unit of measure (pt inserted).
<to be read again> 
                   (
l.121 Hierarchical (Ward) & 0.5538 & 0
                                      .5779 & 244.41 \\
Dimensions can be in units of em, ex, in, pt, pc,
cm, mm, dd, cc, bp, or sp; but yours is a new one!
I'll assume that you meant to say pt, for printer's points.
To recover gracefully from this error, it's best to
delete the erroneous units; e.g., type `2' to delete
two letters. (See Chapter 27 of The TeXbook.)

! Undefined control sequence.
<argument> (\linewidth - 6\tabcolsep ) * \real 
                                               {0.2500}
l.121 Hierarchical (Ward) & 0.5538 & 0
                                      .5779 & 244.41 \\
The control sequence at the end of the top line
of your error message was never \def'ed. If you have
misspelled it (e.g., `\hobx'), type `I' and the correct
spelling (e.g., `I\hbox'). Otherwise just continue,
and I'll forget about whatever was undefined.


Overfull \hbox (7.02246pt too wide) in paragraph at lines 121--121
[]\TU/DejaVuSerif(0)/m/n/9 () 
 []


Overfull \hbox (4.5pt too wide) in paragraph at lines 121--121
\TU/DejaVuSerif(0)/m/n/9 * 
 []


Overfull \hbox (62.98242pt too wide) in paragraph at lines 121--121
\TU/DejaVuSerif(0)/m/n/9 0.25000.5779|  
 []

! Missing number, treated as zero.
<to be read again> 
                   (
l.121 Hierarchical (Ward) & 0.5538 & 0.5779 & 2
                                               44.41 \\
A number should have been here; I inserted `0'.
(If you can't figure out why I needed to see a number,
look up `weird error' in the index to The TeXbook.)

! Illegal unit of measure (pt inserted).
<to be read again> 
                   (
l.121 Hierarchical (Ward) & 0.5538 & 0.5779 & 2
                                               44.41 \\
Dimensions can be in units of em, ex, in, pt, pc,
cm, mm, dd, cc, bp, or sp; but yours is a new one!
I'll assume that you meant to say pt, for printer's points.
To recover gracefully from this error, it's best to
delete the erroneous units; e.g., type `2' to delete
two letters. (See Chapter 27 of The TeXbook.)

! Undefined control sequence.
<argument> (\linewidth - 6\tabcolsep ) * \real 
                                               {0.2500}
l.121 Hierarchical (Ward) & 0.5538 & 0.5779 & 2
                                               44.41 \\
The control sequence at the end of the top line
of your error message was never \def'ed. If you have
misspelled it (e.g., `\hobx'), type `I' and the correct
spelling (e.g., `I\hbox'). Otherwise just continue,
and I'll forget about whatever was undefined.


Overfull \hbox (7.02246pt too wide) in paragraph at lines 121--122
[]\TU/DejaVuSerif(0)/m/n/9 () 
 []


Overfull \hbox (4.5pt too wide) in paragraph at lines 121--122
\TU/DejaVuSerif(0)/m/n/9 * 
 []


Overfull \hbox (62.98242pt too wide) in paragraph at lines 121--122
\TU/DejaVuSerif(0)/m/n/9 0.2500244.41|  
 []

! Missing number, treated as zero.
<to be read again> 
                   (
l.122 F
       uzzy C-Means & 0.5547 & 0.5722 & 248.65 (FPC 0.6711) \\
A number should have been here; I inserted `0'.
(If you can't figure out why I needed to see a number,
look up `weird error' in the index to The TeXbook.)

! Illegal unit of measure (pt inserted).
<to be read again> 
                   (
l.122 F
       uzzy C-Means & 0.5547 & 0.5722 & 248.65 (FPC 0.6711) \\
Dimensions can be in units of em, ex, in, pt, pc,
cm, mm, dd, cc, bp, or sp; but yours is a new one!
I'll assume that you meant to say pt, for printer's points.
To recover gracefully from this error, it's best to
delete the erroneous units; e.g., type `2' to delete
two letters. (See Chapter 27 of The TeXbook.)

! Undefined control sequence.
<argument> (\linewidth - 6\tabcolsep ) * \real 
                                               {0.2500}
l.122 F
       uzzy C-Means & 0.5547 & 0.5722 & 248.65 (FPC 0.6711) \\
The control sequence at the end of the top line
of your error message was never \def'ed. If you have
misspelled it (e.g., `\hobx'), type `I' and the correct
spelling (e.g., `I\hbox'). Otherwise just continue,
and I'll forget about whatever was undefined.


Overfull \hbox (7.02246pt too wide) in paragraph at lines 122--122
[]\TU/DejaVuSerif(0)/m/n/9 () 
 []


Overfull \hbox (4.5pt too wide) in paragraph at lines 122--122
\TU/DejaVuSerif(0)/m/n/9 * 
 []


Overfull \hbox (58.1001pt too wide) in paragraph at lines 122--122
\TU/DejaVuSerif(0)/m/n/9 0.2500Fuzzy 
 []


Overfull \hbox (9.92725pt too wide) in paragraph at lines 122--122
\TU/DejaVuSerif(0)/m/n/9 C- 
 []


Overfull \hbox (30.32227pt too wide) in paragraph at lines 122--122
\TU/DejaVuSerif(0)/m/n/9 Means|  
 []

! Missing number, treated as zero.
<to be read again> 
                   (
l.122 Fuzzy C-Means & 0
                       .5547 & 0.5722 & 248.65 (FPC 0.6711) \\
A number should have been here; I inserted `0'.
(If you can't figure out why I needed to see a number,
look up `weird error' in the index to The TeXbook.)

! Illegal unit of measure (pt inserted).
<to be read again> 
                   (
l.122 Fuzzy C-Means & 0
                       .5547 & 0.5722 & 248.65 (FPC 0.6711) \\
Dimensions can be in units of em, ex, in, pt, pc,
cm, mm, dd, cc, bp, or sp; but yours is a new one!
I'll assume that you meant to say pt, for printer's points.
To recover gracefully from this error, it's best to
delete the erroneous units; e.g., type `2' to delete
two letters. (See Chapter 27 of The TeXbook.)

! Undefined control sequence.
<argument> (\linewidth - 6\tabcolsep ) * \real 
                                               {0.2500}
l.122 Fuzzy C-Means & 0
                       .5547 & 0.5722 & 248.65 (FPC 0.6711) \\
The control sequence at the end of the top line
of your error message was never \def'ed. If you have
misspelled it (e.g., `\hobx'), type `I' and the correct
spelling (e.g., `I\hbox'). Otherwise just continue,
and I'll forget about whatever was undefined.


Overfull \hbox (7.02246pt too wide) in paragraph at lines 122--122
[]\TU/DejaVuSerif(0)/m/n/9 () 
 []


Overfull \hbox (4.5pt too wide) in paragraph at lines 122--122
\TU/DejaVuSerif(0)/m/n/9 * 
 []


Overfull \hbox (62.98242pt too wide) in paragraph at lines 122--122
\TU/DejaVuSerif(0)/m/n/9 0.25000.5547|  
 []

! Missing number, treated as zero.
<to be read again> 
                   (
l.122 Fuzzy C-Means & 0.5547 & 0
                                .5722 & 248.65 (FPC 0.6711) \\
A number should have been here; I inserted `0'.
(If you can't figure out why I needed to see a number,
look up `weird error' in the index to The TeXbook.)

! Illegal unit of measure (pt inserted).
<to be read again> 
                   (
l.122 Fuzzy C-Means & 0.5547 & 0
                                .5722 & 248.65 (FPC 0.6711) \\
Dimensions can be in units of em, ex, in, pt, pc,
cm, mm, dd, cc, bp, or sp; but yours is a new one!
I'll assume that you meant to say pt, for printer's points.
To recover gracefully from this error, it's best to
delete the erroneous units; e.g., type `2' to delete
two letters. (See Chapter 27 of The TeXbook.)

! Undefined control sequence.
<argument> (\linewidth - 6\tabcolsep ) * \real 
                                               {0.2500}
l.122 Fuzzy C-Means & 0.5547 & 0
                                .5722 & 248.65 (FPC 0.6711) \\
The control sequence at the end of the top line
of your error message was never \def'ed. If you have
misspelled it (e.g., `\hobx'), type `I' and the correct
spelling (e.g., `I\hbox'). Otherwise just continue,
and I'll forget about whatever was undefined.


Overfull \hbox (7.02246pt too wide) in paragraph at lines 122--122
[]\TU/DejaVuSerif(0)/m/n/9 () 
 []


Overfull \hbox (4.5pt too wide) in paragraph at lines 122--122
\TU/DejaVuSerif(0)/m/n/9 * 
 []


Overfull \hbox (62.98242pt too wide) in paragraph at lines 122--122
\TU/DejaVuSerif(0)/m/n/9 0.25000.5722|  
 []

! Missing number, treated as zero.
<to be read again> 
                   (
l.122 Fuzzy C-Means & 0.5547 & 0.5722 & 2
                                         48.65 (FPC 0.6711) \\
A number should have been here; I inserted `0'.
(If you can't figure out why I needed to see a number,
look up `weird error' in the index to The TeXbook.)

! Illegal unit of measure (pt inserted).
<to be read again> 
                   (
l.122 Fuzzy C-Means & 0.5547 & 0.5722 & 2
                                         48.65 (FPC 0.6711) \\
Dimensions can be in units of em, ex, in, pt, pc,
cm, mm, dd, cc, bp, or sp; but yours is a new one!
I'll assume that you meant to say pt, for printer's points.
To recover gracefully from this error, it's best to
delete the erroneous units; e.g., type `2' to delete
two letters. (See Chapter 27 of The TeXbook.)

! Undefined control sequence.
<argument> (\linewidth - 6\tabcolsep ) * \real 
                                               {0.2500}
l.122 Fuzzy C-Means & 0.5547 & 0.5722 & 2
                                         48.65 (FPC 0.6711) \\
The control sequence at the end of the top line
of your error message was never \def'ed. If you have
misspelled it (e.g., `\hobx'), type `I' and the correct
spelling (e.g., `I\hbox'). Otherwise just continue,
and I'll forget about whatever was undefined.


Overfull \hbox (7.02246pt too wide) in paragraph at lines 122--123
[]\TU/DejaVuSerif(0)/m/n/9 () 
 []


Overfull \hbox (4.5pt too wide) in paragraph at lines 122--123
\TU/DejaVuSerif(0)/m/n/9 * 
 []


Overfull \hbox (62.98242pt too wide) in paragraph at lines 122--123
\TU/DejaVuSerif(0)/m/n/9 0.2500248.65 
 []


Overfull \hbox (22.69775pt too wide) in paragraph at lines 122--123
\TU/DejaVuSerif(0)/m/n/9 (FPC 
 []


Overfull \hbox (35.00244pt too wide) in paragraph at lines 122--123
\TU/DejaVuSerif(0)/m/n/9 0.6711)|  
 []


Underfull \hbox (badness 10000) in alignment at lines 117--123
[] [] [] []
 []



[68]

Package hyperref Warning: Counter 'none' or the representation '\theHnone`
(hyperref)                don't exist. No target created. on input line 123.


! LaTeX Error: No counter 'none' defined.

See the LaTeX manual or LaTeX Companion for explanation.
Type  H <return>  for immediate help.
 ...                                              
                                                  
l.135 ...width - 8\tabcolsep) * \real{0.2000}}@{}}
                                                  
Your command was ignored.
Type  I <command> <return>  to replace it with another command,
or  <return>  to continue without it.

! Missing number, treated as zero.
<to be read again> 
                   (
l.137 \begin
            {minipage}[b]{\linewidth}\raggedright
A number should have been here; I inserted `0'.
(If you can't figure out why I needed to see a number,
look up `weird error' in the index to The TeXbook.)

! Illegal unit of measure (pt inserted).
<to be read again> 
                   (
l.137 \begin
            {minipage}[b]{\linewidth}\raggedright
Dimensions can be in units of em, ex, in, pt, pc,
cm, mm, dd, cc, bp, or sp; but yours is a new one!
I'll assume that you meant to say pt, for printer's points.
To recover gracefully from this error, it's best to
delete the erroneous units; e.g., type `2' to delete
two letters. (See Chapter 27 of The TeXbook.)

! Undefined control sequence.
<argument> (\linewidth - 8\tabcolsep ) * \real 
                                               {0.2000}
l.137 \begin
            {minipage}[b]{\linewidth}\raggedright
The control sequence at the end of the top line
of your error message was never \def'ed. If you have
misspelled it (e.g., `\hobx'), type `I' and the correct
spelling (e.g., `I\hbox'). Otherwise just continue,
and I'll forget about whatever was undefined.


Overfull \hbox (45.68555pt too wide) in paragraph at lines 138--139
[]\TU/DejaVuSerif(0)/m/n/9 Algorithm  
 []


Overfull \hbox (7.02246pt too wide) in paragraph at lines 137--139
[]\TU/DejaVuSerif(0)/m/n/9 () 
 []


Overfull \hbox (4.5pt too wide) in paragraph at lines 137--139
\TU/DejaVuSerif(0)/m/n/9 * 
 []


Overfull \hbox (31.49121pt too wide) in paragraph at lines 137--139
\TU/DejaVuSerif(0)/m/n/9 0.2000[]|  
 []

! Missing number, treated as zero.
<to be read again> 
                   (
l.139 \end{minipage} & \begin
                             {minipage}[b]{\linewidth}\raggedright
A number should have been here; I inserted `0'.
(If you can't figure out why I needed to see a number,
look up `weird error' in the index to The TeXbook.)

! Illegal unit of measure (pt inserted).
<to be read again> 
                   (
l.139 \end{minipage} & \begin
                             {minipage}[b]{\linewidth}\raggedright
Dimensions can be in units of em, ex, in, pt, pc,
cm, mm, dd, cc, bp, or sp; but yours is a new one!
I'll assume that you meant to say pt, for printer's points.
To recover gracefully from this error, it's best to
delete the erroneous units; e.g., type `2' to delete
two letters. (See Chapter 27 of The TeXbook.)

! Undefined control sequence.
<argument> (\linewidth - 8\tabcolsep ) * \real 
                                               {0.2000}
l.139 \end{minipage} & \begin
                             {minipage}[b]{\linewidth}\raggedright
The control sequence at the end of the top line
of your error message was never \def'ed. If you have
misspelled it (e.g., `\hobx'), type `I' and the correct
spelling (e.g., `I\hbox'). Otherwise just continue,
and I'll forget about whatever was undefined.


Overfull \hbox (38.04346pt too wide) in paragraph at lines 140--141
[]\TU/DejaVuSerif(0)/m/n/9 Clusters  
 []


Overfull \hbox (7.02246pt too wide) in paragraph at lines 139--141
[]\TU/DejaVuSerif(0)/m/n/9 () 
 []


Overfull \hbox (4.5pt too wide) in paragraph at lines 139--141
\TU/DejaVuSerif(0)/m/n/9 * 
 []


Overfull \hbox (31.49121pt too wide) in paragraph at lines 139--141
\TU/DejaVuSerif(0)/m/n/9 0.2000[]|  
 []

! Missing number, treated as zero.
<to be read again> 
                   (
l.141 \end{minipage} & \begin
                             {minipage}[b]{\linewidth}\raggedright
A number should have been here; I inserted `0'.
(If you can't figure out why I needed to see a number,
look up `weird error' in the index to The TeXbook.)

! Illegal unit of measure (pt inserted).
<to be read again> 
                   (
l.141 \end{minipage} & \begin
                             {minipage}[b]{\linewidth}\raggedright
Dimensions can be in units of em, ex, in, pt, pc,
cm, mm, dd, cc, bp, or sp; but yours is a new one!
I'll assume that you meant to say pt, for printer's points.
To recover gracefully from this error, it's best to
delete the erroneous units; e.g., type `2' to delete
two letters. (See Chapter 27 of The TeXbook.)

! Undefined control sequence.
<argument> (\linewidth - 8\tabcolsep ) * \real 
                                               {0.2000}
l.141 \end{minipage} & \begin
                             {minipage}[b]{\linewidth}\raggedright
The control sequence at the end of the top line
of your error message was never \def'ed. If you have
misspelled it (e.g., `\hobx'), type `I' and the correct
spelling (e.g., `I\hbox'). Otherwise just continue,
and I'll forget about whatever was undefined.


Overfull \hbox (26.1167pt too wide) in paragraph at lines 142--143
[]\TU/DejaVuSerif(0)/m/n/9 Noise  
 []


Overfull \hbox (7.02246pt too wide) in paragraph at lines 141--143
[]\TU/DejaVuSerif(0)/m/n/9 () 
 []


Overfull \hbox (4.5pt too wide) in paragraph at lines 141--143
\TU/DejaVuSerif(0)/m/n/9 * 
 []


Overfull \hbox (31.49121pt too wide) in paragraph at lines 141--143
\TU/DejaVuSerif(0)/m/n/9 0.2000[]|  
 []

! Missing number, treated as zero.
<to be read again> 
                   (
l.143 \end{minipage} & \begin
                             {minipage}[b]{\linewidth}\raggedright
A number should have been here; I inserted `0'.
(If you can't figure out why I needed to see a number,
look up `weird error' in the index to The TeXbook.)

! Illegal unit of measure (pt inserted).
<to be read again> 
                   (
l.143 \end{minipage} & \begin
                             {minipage}[b]{\linewidth}\raggedright
Dimensions can be in units of em, ex, in, pt, pc,
cm, mm, dd, cc, bp, or sp; but yours is a new one!
I'll assume that you meant to say pt, for printer's points.
To recover gracefully from this error, it's best to
delete the erroneous units; e.g., type `2' to delete
two letters. (See Chapter 27 of The TeXbook.)

! Undefined control sequence.
<argument> (\linewidth - 8\tabcolsep ) * \real 
                                               {0.2000}
l.143 \end{minipage} & \begin
                             {minipage}[b]{\linewidth}\raggedright
The control sequence at the end of the top line
of your error message was never \def'ed. If you have
misspelled it (e.g., `\hobx'), type `I' and the correct
spelling (e.g., `I\hbox'). Otherwise just continue,
and I'll forget about whatever was undefined.


Overfull \hbox (46.81934pt too wide) in paragraph at lines 144--145
[]\TU/DejaVuSerif(0)/m/n/9 Silhouette  
 []


Overfull \hbox (7.02246pt too wide) in paragraph at lines 143--145
[]\TU/DejaVuSerif(0)/m/n/9 () 
 []


Overfull \hbox (4.5pt too wide) in paragraph at lines 143--145
\TU/DejaVuSerif(0)/m/n/9 * 
 []


Overfull \hbox (31.49121pt too wide) in paragraph at lines 143--145
\TU/DejaVuSerif(0)/m/n/9 0.2000[]|  
 []

! Missing number, treated as zero.
<to be read again> 
                   (
l.145 \end{minipage} & \begin
                             {minipage}[b]{\linewidth}\raggedright
A number should have been here; I inserted `0'.
(If you can't figure out why I needed to see a number,
look up `weird error' in the index to The TeXbook.)

! Illegal unit of measure (pt inserted).
<to be read again> 
                   (
l.145 \end{minipage} & \begin
                             {minipage}[b]{\linewidth}\raggedright
Dimensions can be in units of em, ex, in, pt, pc,
cm, mm, dd, cc, bp, or sp; but yours is a new one!
I'll assume that you meant to say pt, for printer's points.
To recover gracefully from this error, it's best to
delete the erroneous units; e.g., type `2' to delete
two letters. (See Chapter 27 of The TeXbook.)

! Undefined control sequence.
<argument> (\linewidth - 8\tabcolsep ) * \real 
                                               {0.2000}
l.145 \end{minipage} & \begin
                             {minipage}[b]{\linewidth}\raggedright
The control sequence at the end of the top line
of your error message was never \def'ed. If you have
misspelled it (e.g., `\hobx'), type `I' and the correct
spelling (e.g., `I\hbox'). Otherwise just continue,
and I'll forget about whatever was undefined.


Overfull \hbox (55.54688pt too wide) in paragraph at lines 146--147
[]\TU/DejaVuSerif(0)/m/n/9 Observation  
 []


Overfull \hbox (7.02246pt too wide) in paragraph at lines 145--148
[]\TU/DejaVuSerif(0)/m/n/9 () 
 []


Overfull \hbox (4.5pt too wide) in paragraph at lines 145--148
\TU/DejaVuSerif(0)/m/n/9 * 
 []


Overfull \hbox (31.49121pt too wide) in paragraph at lines 145--148
\TU/DejaVuSerif(0)/m/n/9 0.2000[]|  
 []


Underfull \hbox (badness 10000) in alignment at lines 135--149
[] [] [] [] []
 []


Underfull \hbox (badness 10000) in alignment at lines 149--151
[] [] [] [] []
 []

! Missing number, treated as zero.
<to be read again> 
                   (
l.152 D
       BSCAN (ε=0.03 rad) & 55 & 13.5\% & 0.326 & needs ε; elongated arc
A number should have been here; I inserted `0'.
(If you can't figure out why I needed to see a number,
look up `weird error' in the index to The TeXbook.)

! Illegal unit of measure (pt inserted).
<to be read again> 
                   (
l.152 D
       BSCAN (ε=0.03 rad) & 55 & 13.5\% & 0.326 & needs ε; elongated arc
Dimensions can be in units of em, ex, in, pt, pc,
cm, mm, dd, cc, bp, or sp; but yours is a new one!
I'll assume that you meant to say pt, for printer's points.
To recover gracefully from this error, it's best to
delete the erroneous units; e.g., type `2' to delete
two letters. (See Chapter 27 of The TeXbook.)

! Undefined control sequence.
<argument> (\linewidth - 8\tabcolsep ) * \real 
                                               {0.2000}
l.152 D
       BSCAN (ε=0.03 rad) & 55 & 13.5\% & 0.326 & needs ε; elongated arc
The control sequence at the end of the top line
of your error message was never \def'ed. If you have
misspelled it (e.g., `\hobx'), type `I' and the correct
spelling (e.g., `I\hbox'). Otherwise just continue,
and I'll forget about whatever was undefined.


Overfull \hbox (7.02246pt too wide) in paragraph at lines 152--152
[]\TU/DejaVuSerif(0)/m/n/9 () 
 []


Overfull \hbox (4.5pt too wide) in paragraph at lines 152--152
\TU/DejaVuSerif(0)/m/n/9 * 
 []


Overfull \hbox (48.52881pt too wide) in paragraph at lines 152--152
\TU/DejaVuSerif(0)/m/n/9 0.2000DB- 
 []


Overfull \hbox (27.42627pt too wide) in paragraph at lines 152--152
\TU/DejaVuSerif(0)/m/n/9 SCAN 
 []


Overfull \hbox (35.7539pt too wide) in paragraph at lines 152--152
\TU/DejaVuSerif(0)/m/n/9 (ε=0.03 
 []


Overfull \hbox (18.94043pt too wide) in paragraph at lines 152--152
\TU/DejaVuSerif(0)/m/n/9 rad)|  
 []

! Missing number, treated as zero.
<to be read again> 
                   (
l.152 DBSCAN (ε=0.03 rad) & 5
                             5 & 13.5\% & 0.326 & needs ε; elongated arc
A number should have been here; I inserted `0'.
(If you can't figure out why I needed to see a number,
look up `weird error' in the index to The TeXbook.)

! Illegal unit of measure (pt inserted).
<to be read again> 
                   (
l.152 DBSCAN (ε=0.03 rad) & 5
                             5 & 13.5\% & 0.326 & needs ε; elongated arc
Dimensions can be in units of em, ex, in, pt, pc,
cm, mm, dd, cc, bp, or sp; but yours is a new one!
I'll assume that you meant to say pt, for printer's points.
To recover gracefully from this error, it's best to
delete the erroneous units; e.g., type `2' to delete
two letters. (See Chapter 27 of The TeXbook.)

! Undefined control sequence.
<argument> (\linewidth - 8\tabcolsep ) * \real 
                                               {0.2000}
l.152 DBSCAN (ε=0.03 rad) & 5
                             5 & 13.5\% & 0.326 & needs ε; elongated arc
The control sequence at the end of the top line
of your error message was never \def'ed. If you have
misspelled it (e.g., `\hobx'), type `I' and the correct
spelling (e.g., `I\hbox'). Otherwise just continue,
and I'll forget about whatever was undefined.


Overfull \hbox (7.02246pt too wide) in paragraph at lines 152--152
[]\TU/DejaVuSerif(0)/m/n/9 () 
 []


Overfull \hbox (4.5pt too wide) in paragraph at lines 152--152
\TU/DejaVuSerif(0)/m/n/9 * 
 []


Overfull \hbox (42.94336pt too wide) in paragraph at lines 152--152
\TU/DejaVuSerif(0)/m/n/9 0.200055|  
 []

! Missing number, treated as zero.
<to be read again> 
                   (
l.152 DBSCAN (ε=0.03 rad) & 55 & 1
                                  3.5\% & 0.326 & needs ε; elongated arc
A number should have been here; I inserted `0'.
(If you can't figure out why I needed to see a number,
look up `weird error' in the index to The TeXbook.)

! Illegal unit of measure (pt inserted).
<to be read again> 
                   (
l.152 DBSCAN (ε=0.03 rad) & 55 & 1
                                  3.5\% & 0.326 & needs ε; elongated arc
Dimensions can be in units of em, ex, in, pt, pc,
cm, mm, dd, cc, bp, or sp; but yours is a new one!
I'll assume that you meant to say pt, for printer's points.
To recover gracefully from this error, it's best to
delete the erroneous units; e.g., type `2' to delete
two letters. (See Chapter 27 of The TeXbook.)

! Undefined control sequence.
<argument> (\linewidth - 8\tabcolsep ) * \real 
                                               {0.2000}
l.152 DBSCAN (ε=0.03 rad) & 55 & 1
                                  3.5\% & 0.326 & needs ε; elongated arc
The control sequence at the end of the top line
of your error message was never \def'ed. If you have
misspelled it (e.g., `\hobx'), type `I' and the correct
spelling (e.g., `I\hbox'). Otherwise just continue,
and I'll forget about whatever was undefined.


Overfull \hbox (7.02246pt too wide) in paragraph at lines 152--152
[]\TU/DejaVuSerif(0)/m/n/9 () 
 []


Overfull \hbox (4.5pt too wide) in paragraph at lines 152--152
\TU/DejaVuSerif(0)/m/n/9 * 
 []


Overfull \hbox (60.08203pt too wide) in paragraph at lines 152--152
\TU/DejaVuSerif(0)/m/n/9 0.200013.5%|  
 []

! Missing number, treated as zero.
<to be read again> 
                   (
l.152 DBSCAN (ε=0.03 rad) & 55 & 13.5\% & 0
                                           .326 & needs ε; elongated arc
A number should have been here; I inserted `0'.
(If you can't figure out why I needed to see a number,
look up `weird error' in the index to The TeXbook.)

! Illegal unit of measure (pt inserted).
<to be read again> 
                   (
l.152 DBSCAN (ε=0.03 rad) & 55 & 13.5\% & 0
                                           .326 & needs ε; elongated arc
Dimensions can be in units of em, ex, in, pt, pc,
cm, mm, dd, cc, bp, or sp; but yours is a new one!
I'll assume that you meant to say pt, for printer's points.
To recover gracefully from this error, it's best to
delete the erroneous units; e.g., type `2' to delete
two letters. (See Chapter 27 of The TeXbook.)

! Undefined control sequence.
<argument> (\linewidth - 8\tabcolsep ) * \real 
                                               {0.2000}
l.152 DBSCAN (ε=0.03 rad) & 55 & 13.5\% & 0
                                           .326 & needs ε; elongated arc
The control sequence at the end of the top line
of your error message was never \def'ed. If you have
misspelled it (e.g., `\hobx'), type `I' and the correct
spelling (e.g., `I\hbox'). Otherwise just continue,
and I'll forget about whatever was undefined.


Overfull \hbox (7.02246pt too wide) in paragraph at lines 152--152
[]\TU/DejaVuSerif(0)/m/n/9 () 
 []


Overfull \hbox (4.5pt too wide) in paragraph at lines 152--152
\TU/DejaVuSerif(0)/m/n/9 * 
 []


Overfull \hbox (57.25635pt too wide) in paragraph at lines 152--152
\TU/DejaVuSerif(0)/m/n/9 0.20000.326|  
 []

! Missing number, treated as zero.
<to be read again> 
                   (
l.152 ...AN (ε=0.03 rad) & 55 & 13.5\% & 0.326 & n
                                                  eeds ε; elongated arc
A number should have been here; I inserted `0'.
(If you can't figure out why I needed to see a number,
look up `weird error' in the index to The TeXbook.)

! Illegal unit of measure (pt inserted).
<to be read again> 
                   (
l.152 ...AN (ε=0.03 rad) & 55 & 13.5\% & 0.326 & n
                                                  eeds ε; elongated arc
Dimensions can be in units of em, ex, in, pt, pc,
cm, mm, dd, cc, bp, or sp; but yours is a new one!
I'll assume that you meant to say pt, for printer's points.
To recover gracefully from this error, it's best to
delete the erroneous units; e.g., type `2' to delete
two letters. (See Chapter 27 of The TeXbook.)

! Undefined control sequence.
<argument> (\linewidth - 8\tabcolsep ) * \real 
                                               {0.2000}
l.152 ...AN (ε=0.03 rad) & 55 & 13.5\% & 0.326 & n
                                                  eeds ε; elongated arc
The control sequence at the end of the top line
of your error message was never \def'ed. If you have
misspelled it (e.g., `\hobx'), type `I' and the correct
spelling (e.g., `I\hbox'). Otherwise just continue,
and I'll forget about whatever was undefined.


Overfull \hbox (7.02246pt too wide) in paragraph at lines 152--154
[]\TU/DejaVuSerif(0)/m/n/9 () 
 []


Overfull \hbox (4.5pt too wide) in paragraph at lines 152--154
\TU/DejaVuSerif(0)/m/n/9 * 
 []


Overfull \hbox (58.31982pt too wide) in paragraph at lines 152--154
\TU/DejaVuSerif(0)/m/n/9 0.2000needs 
 []


Overfull \hbox (7.69482pt too wide) in paragraph at lines 152--154
\TU/DejaVuSerif(0)/m/n/9 ε; 
 []


Overfull \hbox (22.46045pt too wide) in paragraph at lines 152--154
\TU/DejaVuSerif(0)/m/n/9 elon- 
 []


Overfull \hbox (25.83105pt too wide) in paragraph at lines 152--154
\TU/DejaVuSerif(0)/m/n/9 gated 
 []


Overfull \hbox (14.7085pt too wide) in paragraph at lines 152--154
\TU/DejaVuSerif(0)/m/n/9 arc 
 []


Overfull \hbox (21.375pt too wide) in paragraph at lines 152--154
\TU/DejaVuSerif(0)/m/n/9 clus- 
 []


Overfull \hbox (17.86377pt too wide) in paragraph at lines 152--154
\TU/DejaVuSerif(0)/m/n/9 ters|  
 []

! Missing number, treated as zero.
<to be read again> 
                   (
l.154 H
       DBSCAN & 40 & 21.5\% & \textbf{0.631} & adaptive density, no ε \\
A number should have been here; I inserted `0'.
(If you can't figure out why I needed to see a number,
look up `weird error' in the index to The TeXbook.)

! Illegal unit of measure (pt inserted).
<to be read again> 
                   (
l.154 H
       DBSCAN & 40 & 21.5\% & \textbf{0.631} & adaptive density, no ε \\
Dimensions can be in units of em, ex, in, pt, pc,
cm, mm, dd, cc, bp, or sp; but yours is a new one!
I'll assume that you meant to say pt, for printer's points.
To recover gracefully from this error, it's best to
delete the erroneous units; e.g., type `2' to delete
two letters. (See Chapter 27 of The TeXbook.)

! Undefined control sequence.
<argument> (\linewidth - 8\tabcolsep ) * \real 
                                               {0.2000}
l.154 H
       DBSCAN & 40 & 21.5\% & \textbf{0.631} & adaptive density, no ε \\
The control sequence at the end of the top line
of your error message was never \def'ed. If you have
misspelled it (e.g., `\hobx'), type `I' and the correct
spelling (e.g., `I\hbox'). Otherwise just continue,
and I'll forget about whatever was undefined.


Overfull \hbox (7.02246pt too wide) in paragraph at lines 154--154
[]\TU/DejaVuSerif(0)/m/n/9 () 
 []


Overfull \hbox (4.5pt too wide) in paragraph at lines 154--154
\TU/DejaVuSerif(0)/m/n/9 * 
 []


Overfull \hbox (56.37744pt too wide) in paragraph at lines 154--154
\TU/DejaVuSerif(0)/m/n/9 0.2000HDB- 
 []


Overfull \hbox (27.42627pt too wide) in paragraph at lines 154--154
\TU/DejaVuSerif(0)/m/n/9 SCAN|  
 []

! Missing number, treated as zero.
<to be read again> 
                   (
l.154 HDBSCAN & 4
                 0 & 21.5\% & \textbf{0.631} & adaptive density, no ε \\
A number should have been here; I inserted `0'.
(If you can't figure out why I needed to see a number,
look up `weird error' in the index to The TeXbook.)

! Illegal unit of measure (pt inserted).
<to be read again> 
                   (
l.154 HDBSCAN & 4
                 0 & 21.5\% & \textbf{0.631} & adaptive density, no ε \\
Dimensions can be in units of em, ex, in, pt, pc,
cm, mm, dd, cc, bp, or sp; but yours is a new one!
I'll assume that you meant to say pt, for printer's points.
To recover gracefully from this error, it's best to
delete the erroneous units; e.g., type `2' to delete
two letters. (See Chapter 27 of The TeXbook.)

! Undefined control sequence.
<argument> (\linewidth - 8\tabcolsep ) * \real 
                                               {0.2000}
l.154 HDBSCAN & 4
                 0 & 21.5\% & \textbf{0.631} & adaptive density, no ε \\
The control sequence at the end of the top line
of your error message was never \def'ed. If you have
misspelled it (e.g., `\hobx'), type `I' and the correct
spelling (e.g., `I\hbox'). Otherwise just continue,
and I'll forget about whatever was undefined.


Overfull \hbox (7.02246pt too wide) in paragraph at lines 154--154
[]\TU/DejaVuSerif(0)/m/n/9 () 
 []


Overfull \hbox (4.5pt too wide) in paragraph at lines 154--154
\TU/DejaVuSerif(0)/m/n/9 * 
 []


Overfull \hbox (42.94336pt too wide) in paragraph at lines 154--154
\TU/DejaVuSerif(0)/m/n/9 0.200040|  
 []

! Missing number, treated as zero.
<to be read again> 
                   (
l.154 HDBSCAN & 40 & 2
                      1.5\% & \textbf{0.631} & adaptive density, no ε \\
A number should have been here; I inserted `0'.
(If you can't figure out why I needed to see a number,
look up `weird error' in the index to The TeXbook.)

! Illegal unit of measure (pt inserted).
<to be read again> 
                   (
l.154 HDBSCAN & 40 & 2
                      1.5\% & \textbf{0.631} & adaptive density, no ε \\
Dimensions can be in units of em, ex, in, pt, pc,
cm, mm, dd, cc, bp, or sp; but yours is a new one!
I'll assume that you meant to say pt, for printer's points.
To recover gracefully from this error, it's best to
delete the erroneous units; e.g., type `2' to delete
two letters. (See Chapter 27 of The TeXbook.)

! Undefined control sequence.
<argument> (\linewidth - 8\tabcolsep ) * \real 
                                               {0.2000}
l.154 HDBSCAN & 40 & 2
                      1.5\% & \textbf{0.631} & adaptive density, no ε \\
The control sequence at the end of the top line
of your error message was never \def'ed. If you have
misspelled it (e.g., `\hobx'), type `I' and the correct
spelling (e.g., `I\hbox'). Otherwise just continue,
and I'll forget about whatever was undefined.


Overfull \hbox (7.02246pt too wide) in paragraph at lines 154--154
[]\TU/DejaVuSerif(0)/m/n/9 () 
 []


Overfull \hbox (4.5pt too wide) in paragraph at lines 154--154
\TU/DejaVuSerif(0)/m/n/9 * 
 []


Overfull \hbox (60.08203pt too wide) in paragraph at lines 154--154
\TU/DejaVuSerif(0)/m/n/9 0.200021.5%|  
 []

! Missing number, treated as zero.
<to be read again> 
                   (
l.154 HDBSCAN & 40 & 21.5\% & \textbf
                                     {0.631} & adaptive density, no ε \\
A number should have been here; I inserted `0'.
(If you can't figure out why I needed to see a number,
look up `weird error' in the index to The TeXbook.)

! Illegal unit of measure (pt inserted).
<to be read again> 
                   (
l.154 HDBSCAN & 40 & 21.5\% & \textbf
                                     {0.631} & adaptive density, no ε \\
Dimensions can be in units of em, ex, in, pt, pc,
cm, mm, dd, cc, bp, or sp; but yours is a new one!
I'll assume that you meant to say pt, for printer's points.
To recover gracefully from this error, it's best to
delete the erroneous units; e.g., type `2' to delete
two letters. (See Chapter 27 of The TeXbook.)

! Undefined control sequence.
<argument> (\linewidth - 8\tabcolsep ) * \real 
                                               {0.2000}
l.154 HDBSCAN & 40 & 21.5\% & \textbf
                                     {0.631} & adaptive density, no ε \\
The control sequence at the end of the top line
of your error message was never \def'ed. If you have
misspelled it (e.g., `\hobx'), type `I' and the correct
spelling (e.g., `I\hbox'). Otherwise just continue,
and I'll forget about whatever was undefined.


Overfull \hbox (7.02246pt too wide) in paragraph at lines 154--154
[]\TU/DejaVuSerif(0)/m/n/9 () 
 []


Overfull \hbox (4.5pt too wide) in paragraph at lines 154--154
\TU/DejaVuSerif(0)/m/n/9 * 
 []


Overfull \hbox (59.67334pt too wide) in paragraph at lines 154--154
\TU/DejaVuSerif(0)/m/n/9 0.2000\TU/DejaVuSerif(0)/b/n/9 0.631|  
 []

! Missing number, treated as zero.
<to be read again> 
                   (
l.154 HDBSCAN & 40 & 21.5\% & \textbf{0.631} & a
                                                daptive density, no ε \\
A number should have been here; I inserted `0'.
(If you can't figure out why I needed to see a number,
look up `weird error' in the index to The TeXbook.)

! Illegal unit of measure (pt inserted).
<to be read again> 
                   (
l.154 HDBSCAN & 40 & 21.5\% & \textbf{0.631} & a
                                                daptive density, no ε \\
Dimensions can be in units of em, ex, in, pt, pc,
cm, mm, dd, cc, bp, or sp; but yours is a new one!
I'll assume that you meant to say pt, for printer's points.
To recover gracefully from this error, it's best to
delete the erroneous units; e.g., type `2' to delete
two letters. (See Chapter 27 of The TeXbook.)

! Undefined control sequence.
<argument> (\linewidth - 8\tabcolsep ) * \real 
                                               {0.2000}
l.154 HDBSCAN & 40 & 21.5\% & \textbf{0.631} & a
                                                daptive density, no ε \\
The control sequence at the end of the top line
of your error message was never \def'ed. If you have
misspelled it (e.g., `\hobx'), type `I' and the correct
spelling (e.g., `I\hbox'). Otherwise just continue,
and I'll forget about whatever was undefined.


Overfull \hbox (7.02246pt too wide) in paragraph at lines 154--155
[]\TU/DejaVuSerif(0)/m/n/9 () 
 []


Overfull \hbox (4.5pt too wide) in paragraph at lines 154--155
\TU/DejaVuSerif(0)/m/n/9 * 
 []


Overfull \hbox (56.78613pt too wide) in paragraph at lines 154--155
\TU/DejaVuSerif(0)/m/n/9 0.2000adap- 
 []


Overfull \hbox (16.90576pt too wide) in paragraph at lines 154--155
\TU/DejaVuSerif(0)/m/n/9 tive 
 []


Overfull \hbox (19.9248pt too wide) in paragraph at lines 154--155
\TU/DejaVuSerif(0)/m/n/9 den- 
 []


Overfull \hbox (17.86377pt too wide) in paragraph at lines 154--155
\TU/DejaVuSerif(0)/m/n/9 sity, 
 []


Overfull \hbox (11.21484pt too wide) in paragraph at lines 154--155
\TU/DejaVuSerif(0)/m/n/9 no 
 []


Overfull \hbox (4.6626pt too wide) in paragraph at lines 154--155
\TU/DejaVuSerif(0)/m/n/9 ε|  
 []


Underfull \hbox (badness 10000) in alignment at lines 151--155
[] [] [] [] []
 []


Package hyperref Warning: Counter 'none' or the representation '\theHnone`
(hyperref)                don't exist. No target created. on input line 155.



[69]

[70]

! LaTeX Error: No counter 'none' defined.

See the LaTeX manual or LaTeX Companion for explanation.
Type  H <return>  for immediate help.
 ...                                              
                                                  
l.181 \begin{longtable}[]{@{}ll@{}}
                                   
Your command was ignored.
Type  I <command> <return>  to replace it with another command,
or  <return>  to continue without it.


Underfull \hbox (badness 10000) in alignment at lines 181--185
[] []
 []


Underfull \hbox (badness 10000) in alignment at lines 185--187
[] []
 []


Underfull \hbox (badness 10000) in alignment at lines 187--200
[] []
 []


Package hyperref Warning: Counter 'none' or the representation '\theHnone`
(hyperref)                don't exist. No target created. on input line 200.



[71

]
Overfull \hbox (17.22408pt too wide) in paragraph at lines 219--223
[]\TU/DejaVuSerif(0)/m/n/10 Datasets committed under [][][][][][][][] with docu
mented sources (USGS, UCI, scikit-learn, Rdatasets,
 []



[72

]

! LaTeX Error: No counter 'none' defined.

See the LaTeX manual or LaTeX Companion for explanation.
Type  H <return>  for immediate help.
 ...                                              
                                                  
l.245 \begin{longtable}[]{@{}ll@{}}
                                   
Your command was ignored.
Type  I <command> <return>  to replace it with another command,
or  <return>  to continue without it.


Underfull \hbox (badness 10000) in alignment at lines 245--249
[] []
 []


Underfull \hbox (badness 10000) in alignment at lines 249--251
[] []
 []


Underfull \hbox (badness 10000) in alignment at lines 251--259
[] []
 []


Package hyperref Warning: Counter 'none' or the representation '\theHnone`
(hyperref)                don't exist. No target created. on input line 259.



[73

]

! LaTeX Error: No counter 'none' defined.

See the LaTeX manual or LaTeX Companion for explanation.
Type  H <return>  for immediate help.
 ...                                              
                                                  
l.266 \begin{longtable}[]{@{}ll@{}}
                                   
Your command was ignored.
Type  I <command> <return>  to replace it with another command,
or  <return>  to continue without it.


Underfull \hbox (badness 10000) in alignment at lines 266--270
[] []
 []


Underfull \hbox (badness 10000) in alignment at lines 270--272
[] []
 []


Underfull \hbox (badness 10000) in alignment at lines 272--285
[] []
 []


Package hyperref Warning: Counter 'none' or the representation '\theHnone`
(hyperref)                don't exist. No target created. on input line 285.

)

[74

] (./main.aux)
 ***********
LaTeX2e <2025-06-01> patch level 1
L3 programming layer <2025-09-02>
 ***********


LaTeX Warning: There were multiply-defined labels.

Package rerunfilecheck Info: File `main.out' has not changed.
(rerunfilecheck)             Checksum: E3398E08384E725236C93BD3A287E97C;35240.
 ) 
Here is how much of TeX's memory you used:
 14808 strings out of 468389
 281129 string characters out of 5444296
 1569267 words of memory out of 5000000
 43101 multiletter control sequences out of 15000+600000
 630312 words of font info for 98 fonts, out of 8000000 for 9000
 1348 hyphenation exceptions out of 8191
 78i,13n,96p,541b,1845s stack positions out of 10000i,1000n,20000p,200000b,200000s

Output written on main.pdf (75 pages).
